{
    "name_map": {
        "banister": 1,
        "basketballhoop": 2,
        "bed": 3,
        "bench": 4,
        "bin": 5,
        "book": 6,
        "bookcase": 7,
        "brplayer": 8,
        "car": 9,
        "chair": 10,
        "chimney": 11,
        "coffeetable": 12,
        "computerbase": 13,
        "computermonitor": 14,
        "computermouse": 15,
        "cupboard": 16,
        "cupboardfan": 17,
        "curtain": 18,
        "desk": 19,
        "door": 20,
        "drainpipe": 21,
        "driveway": 22,
        "dufflebag": 23,
        "extractor": 24,
        "fan": 25,
        "fence": 26,
        "fireplace": 27,
        "flat": 28,
        "floor": 29,
        "fridge": 30,
        "gamepad": 31,
        "garagedoor": 32,
        "ground": 33,
        "headphones": 34,
        "hedge": 35,
        "house": 36,
        "housenumber": 37,
        "keyboard": 38,
        "lamp": 39,
        "landscape": 40,
        "laptop": 41,
        "leaves": 42,
        "lightswitch": 43,
        "magnets": 44,
        "monument": 45,
        "mug": 46,
        "outlet": 47,
        "oven": 48,
        "paintcan": 49,
        "pictureframe": 50,
        "pilar": 51,
        "plant": 52,
        "pooltable": 53,
        "powerlinecable": 54,
        "powerlineconnector": 55,
        "powerlinepole": 56,
        "rock": 57,
        "roof": 58,
        "shelf": 59,
        "shutters": 60,
        "sign": 61,
        "sink": 62,
        "skateboard": 63,
        "sky": 64,
        "sodacan": 65,
        "sofa": 66,
        "staircase": 67,
        "stairs": 68,
        "swimmingpool": 69,
        "table": 70,
        "tablet": 71,
        "toilet": 72,
        "tree": 73,
        "tressel": 74,
        "veranda": 75,
        "wall": 76,
        "water": 77
    }
}
