{
    "name_map": {
        "banister": 6,
        "basketballhoop": 191,
        "bed": 72,
        "bench": 64,
        "bin": 59,
        "book": 36,
        "bookcase": 195,
        "brplayer": 27,
        "car": 180,
        "chair": 199,
        "chimney": 239,
        "coffeetable": 146,
        "computerbase": 23,
        "computermonitor": 160,
        "computermouse": 116,
        "cupboard": 9,
        "cupboardfan": 8,
        "curtain": 28,
        "desk": 65,
        "door": 70,
        "drainpipe": 143,
        "driveway": 171,
        "dufflebag": 7,
        "extractor": 161,
        "fan": 60,
        "fence": 208,
        "fireplace": 188,
        "flat": 205,
        "floor": 157,
        "fridge": 123,
        "gamepad": 69,
        "garagedoor": 132,
        "ground": 175,
        "headphones": 87,
        "hedge": 242,
        "house": 1,
        "housenumber": 229,
        "keyboard": 244,
        "lamp": 49,
        "landscape": 214,
        "laptop": 129,
        "leaves": 106,
        "lightswitch": 90,
        "magnets": 48,
        "monument": 74,
        "mug": 238,
        "outlet": 109,
        "oven": 34,
        "paintcan": 31,
        "pictureframe": 125,
        "pilar": 33,
        "plant": 119,
        "pooltable": 115,
        "powerlinecable": 200,
        "powerlineconnector": 92,
        "powerlinepole": 16,
        "rock": 241,
        "roof": 155,
        "shelf": 182,
        "shutters": 44,
        "sign": 133,
        "sink": 29,
        "skateboard": 192,
        "sky": 104,
        "sodacan": 219,
        "sofa": 217,
        "staircase": 130,
        "stairs": 204,
        "swimmingpool": 75,
        "table": 250,
        "tablet": 24,
        "toilet": 17,
        "tree": 236,
        "tressel": 88,
        "veranda": 110,
        "wall": 35,
        "water": 93
    }
}