{
    "name_map": {
        "airconditioner": 1,
        "awning": 2,
        "awningstructure": 3,
        "balcony": 4,
        "barrel": 5,
        "barrier": 6,
        "bench": 7,
        "bicycle": 8,
        "bollard": 9,
        "bp": 10,
        "building": 11,
        "cameraactor": 12,
        "cctvcamera": 13,
        "ceiling": 14,
        "concretepillar": 15,
        "crate": 16,
        "door": 17,
        "doorframe": 18,
        "ducting": 19,
        "dumpster": 20,
        "electricalbox": 21,
        "electricalconduit": 22,
        "electricalrailconduit": 23,
        "elevator": 24,
        "exteriorawning": 25,
        "exteriorwiring": 26,
        "fence": 27,
        "floor": 28,
        "floorpavement": 29,
        "fluorescentlight": 30,
        "gate": 31,
        "glasswall": 32,
        "ground": 33,
        "groundconcrete": 34,
        "grounddecal": 35,
        "groundpavement": 36,
        "groundtactileadastrip": 37,
        "handtruck": 38,
        "loudspeaker": 39,
        "manhole": 40,
        "mop": 41,
        "mopbucket": 42,
        "payphone": 43,
        "pedestriancrossingsignal": 44,
        "pillar": 45,
        "pipe": 46,
        "platformfloor": 47,
        "platformunderside": 48,
        "powerlines": 49,
        "railing": 50,
        "ramp": 51,
        "road": 52,
        "rollingshutter": 53,
        "roof": 54,
        "rooftrim": 55,
        "roofvent": 56,
        "rubbishbin": 57,
        "satellitedish": 58,
        "sign": 59,
        "signholder": 60,
        "sky": 61,
        "stairs": 62,
        "staticmeshactor": 63,
        "stormdrain": 64,
        "streetlight": 65,
        "ticketbarrier": 66,
        "ticketmachine": 67,
        "trafficlight": 68,
        "trafficsignal": 69,
        "train": 70,
        "traintracks": 71,
        "trashcan": 72,
        "utilitypole": 73,
        "wall": 74,
        "wetfloorcone": 75,
        "window": 76,
        "windowbars": 77,
        "z": 78
    }
}
