{
    "name_map": {
        "airconditioner": 6,
        "awning": 191,
        "awningstructure": 72,
        "balcony": 64,
        "barrel": 59,
        "barrier": 36,
        "bench": 195,
        "bicycle": 27,
        "bollard": 180,
        "bp": 199,
        "building": 239,
        "cameraactor": 146,
        "cctvcamera": 23,
        "ceiling": 160,
        "concretepillar": 116,
        "crate": 9,
        "door": 8,
        "doorframe": 28,
        "ducting": 65,
        "dumpster": 70,
        "electricalbox": 143,
        "electricalconduit": 171,
        "electricalrailconduit": 7,
        "elevator": 161,
        "exteriorawning": 60,
        "exteriorwiring": 208,
        "fence": 188,
        "floor": 205,
        "floorpavement": 157,
        "fluorescentlight": 123,
        "gate": 69,
        "glasswall": 132,
        "ground": 175,
        "groundconcrete": 87,
        "grounddecal": 242,
        "groundpavement": 1,
        "groundtactileadastrip": 229,
        "handtruck": 244,
        "loudspeaker": 49,
        "manhole": 214,
        "mop": 129,
        "mopbucket": 106,
        "payphone": 90,
        "pedestriancrossingsignal": 48,
        "pillar": 74,
        "pipe": 238,
        "platformfloor": 109,
        "platformunderside": 34,
        "powerlines": 31,
        "railing": 125,
        "ramp": 33,
        "road": 119,
        "rollingshutter": 115,
        "roof": 200,
        "rooftrim": 92,
        "roofvent": 16,
        "rubbishbin": 241,
        "satellitedish": 155,
        "sign": 182,
        "signholder": 44,
        "sky": 133,
        "stairs": 29,
        "staticmeshactor": 192,
        "stormdrain": 104,
        "streetlight": 219,
        "ticketbarrier": 217,
        "ticketmachine": 130,
        "trafficlight": 204,
        "trafficsignal": 75,
        "train": 250,
        "traintracks": 24,
        "trashcan": 17,
        "utilitypole": 236,
        "wall": 88,
        "wetfloorcone": 110,
        "window": 35,
        "windowbars": 93,
        "z": 42
    }
}