{
    "name_map": {
        "airconditioner": 6,
        "airduct": 191,
        "airvent": 72,
        "beam": 64,
        "bench": 59,
        "bp": 36,
        "bracket": 195,
        "cable": 27,
        "can": 180,
        "car": 199,
        "cigarette": 239,
        "clock": 146,
        "coin": 23,
        "curb": 160,
        "door": 116,
        "electricalbox": 9,
        "fencepost": 8,
        "flags": 28,
        "floor": 65,
        "flourescentlight": 70,
        "fridge": 143,
        "fusebox": 171,
        "garagedoor": 7,
        "gaspump": 161,
        "ground": 60,
        "hose": 208,
        "metalpillar": 188,
        "pallet": 205,
        "phonebooth": 157,
        "pipe": 123,
        "plank": 69,
        "plankpile": 132,
        "plant": 175,
        "pole": 87,
        "radiotower": 242,
        "roof": 1,
        "rooftrim": 229,
        "shades": 244,
        "sign": 49,
        "sky": 214,
        "streetlight": 129,
        "switch": 106,
        "telegraphpole": 90,
        "tire": 48,
        "trafficcone": 74,
        "trash": 238,
        "trashbag": 109,
        "trashcan": 34,
        "wall": 31,
        "wireconduit": 125
    }
}