{
    "name_map": {
        "airconditioner": 1,
        "airduct": 2,
        "airvent": 3,
        "beam": 4,
        "bench": 5,
        "bp": 6,
        "bracket": 7,
        "cable": 8,
        "can": 9,
        "car": 10,
        "cigarette": 11,
        "clock": 12,
        "coin": 13,
        "curb": 14,
        "door": 15,
        "electricalbox": 16,
        "fencepost": 17,
        "flags": 18,
        "floor": 19,
        "flourescentlight": 20,
        "fridge": 21,
        "fusebox": 22,
        "garagedoor": 23,
        "gaspump": 24,
        "ground": 25,
        "hose": 26,
        "metalpillar": 27,
        "pallet": 28,
        "phonebooth": 29,
        "pipe": 30,
        "plank": 31,
        "plankpile": 32,
        "plant": 33,
        "pole": 34,
        "radiotower": 35,
        "roof": 36,
        "rooftrim": 37,
        "shades": 38,
        "sign": 39,
        "sky": 40,
        "streetlight": 41,
        "switch": 42,
        "telegraphpole": 43,
        "tire": 44,
        "trafficcone": 45,
        "trash": 46,
        "trashbag": 47,
        "trashcan": 48,
        "wall": 49,
        "wireconduit": 50
    }
}
