{
    "name_map": {
        "acousticceiling": 1,
        "aircompressor": 2,
        "airconditionerunit": 3,
        "airconditiongvent": 4,
        "artificialrespiration": 5,
        "atm": 6,
        "axe": 7,
        "bandage": 8,
        "bed": 9,
        "bench": 10,
        "blanket": 11,
        "blinds": 12,
        "bloodpressurecuff": 13,
        "bottle": 14,
        "box": 15,
        "building": 16,
        "cabinet": 17,
        "cableduct": 18,
        "calendar": 19,
        "canister": 20,
        "cardboardbox": 21,
        "chair": 22,
        "clock": 23,
        "coffee": 24,
        "computer": 25,
        "computermouse": 26,
        "console": 27,
        "cotton": 28,
        "couch": 29,
        "cup": 30,
        "curtains": 31,
        "defibrillator": 32,
        "desk": 33,
        "dish": 34,
        "documentfolder": 35,
        "door": 36,
        "doorway": 37,
        "drawer": 38,
        "dripstand": 39,
        "electricalshield": 40,
        "electricalshielddoor": 41,
        "electricoutlet": 42,
        "elevator": 43,
        "elevatordoor": 44,
        "emergencystretcher": 45,
        "exitsign": 46,
        "fence": 47,
        "firealarm": 48,
        "fireextinguisher": 49,
        "fireextinguisherstand": 50,
        "firstaidkit": 51,
        "floor": 52,
        "floorradiator": 53,
        "flower": 54,
        "flowerbed": 55,
        "flowerpot": 56,
        "forceps": 57,
        "forceps2": 58,
        "forceps3": 59,
        "forceps4": 60,
        "forceps5": 61,
        "garbagecan": 62,
        "generator": 63,
        "ground": 64,
        "hammer": 65,
        "handdryer": 66,
        "healthmonitor": 67,
        "hook": 68,
        "horsestatue": 69,
        "instancedfoliageactor": 70,
        "kettle": 71,
        "keyboard": 72,
        "laboratoryitems": 73,
        "laboratorytable": 74,
        "lamp": 75,
        "light": 76,
        "medicalbag": 77,
        "medicalclamp": 78,
        "medicalscreen": 79,
        "medicalshovel": 80,
        "medicine": 81,
        "metalmedicaltable": 82,
        "metalrod": 83,
        "microscope": 84,
        "mirror": 85,
        "monitor": 86,
        "mop": 87,
        "negatoscope": 88,
        "nightstand": 89,
        "notebook": 90,
        "operatingtable": 91,
        "paperstack": 92,
        "pen": 93,
        "pencil": 94,
        "phone": 95,
        "picture": 96,
        "pills": 97,
        "plant": 98,
        "poster": 99,
        "printer": 100,
        "rack": 101,
        "radiator": 102,
        "radiotower": 103,
        "railing": 104,
        "reflector": 105,
        "remote": 106,
        "road": 107,
        "rollingtable": 108,
        "roof": 109,
        "roofvent": 110,
        "ruler": 111,
        "scales": 112,
        "scalpel": 113,
        "scoop": 114,
        "screendivider": 115,
        "serratedcutter": 116,
        "shovel": 117,
        "sign": 118,
        "sink": 119,
        "sky": 120,
        "sofa": 121,
        "staircase": 122,
        "stairs": 123,
        "stapler": 124,
        "stationaryset": 125,
        "sterilecontainer": 126,
        "stethoscope": 127,
        "sugarbowl": 128,
        "surgicalpallets": 129,
        "switch": 130,
        "syringe": 131,
        "table": 132,
        "toilet": 133,
        "toiletbrush": 134,
        "toiletlid": 135,
        "toiletpaper": 136,
        "tomograph": 137,
        "tray": 138,
        "trophy": 139,
        "tv": 140,
        "tweezers": 141,
        "urinal": 142,
        "vendingmachine": 143,
        "ventilationgrill": 144,
        "wall": 145,
        "watercontainer": 146,
        "wheelchair": 147,
        "window": 148,
        "wire": 149,
        "wires": 150
    }
}
