{
    "name_map": {
        "acousticceiling": 6,
        "aircompressor": 191,
        "airconditionerunit": 72,
        "airconditiongvent": 64,
        "artificialrespiration": 59,
        "atm": 36,
        "axe": 195,
        "bandage": 27,
        "bed": 180,
        "bench": 199,
        "blanket": 239,
        "blinds": 146,
        "bloodpressurecuff": 23,
        "bottle": 160,
        "box": 116,
        "building": 9,
        "cabinet": 8,
        "cableduct": 28,
        "calendar": 65,
        "canister": 70,
        "cardboardbox": 143,
        "chair": 171,
        "clock": 7,
        "coffee": 161,
        "computer": 60,
        "computermouse": 208,
        "console": 188,
        "cotton": 205,
        "couch": 157,
        "cup": 123,
        "curtains": 69,
        "defibrillator": 132,
        "desk": 175,
        "dish": 87,
        "documentfolder": 242,
        "door": 1,
        "doorway": 229,
        "drawer": 244,
        "dripstand": 49,
        "electricalshield": 214,
        "electricalshielddoor": 129,
        "electricoutlet": 106,
        "elevator": 90,
        "elevatordoor": 48,
        "emergencystretcher": 74,
        "exitsign": 238,
        "fence": 109,
        "firealarm": 34,
        "fireextinguisher": 31,
        "fireextinguisherstand": 125,
        "firstaidkit": 33,
        "floor": 119,
        "floorradiator": 115,
        "flower": 200,
        "flowerbed": 92,
        "flowerpot": 16,
        "forceps": 241,
        "forceps2": 155,
        "forceps3": 182,
        "forceps4": 44,
        "forceps5": 133,
        "garbagecan": 29,
        "generator": 192,
        "ground": 104,
        "hammer": 219,
        "handdryer": 217,
        "healthmonitor": 130,
        "hook": 204,
        "horsestatue": 75,
        "instancedfoliageactor": 250,
        "kettle": 24,
        "keyboard": 17,
        "laboratoryitems": 236,
        "laboratorytable": 88,
        "lamp": 110,
        "light": 35,
        "medicalbag": 93,
        "medicalclamp": 42,
        "medicalscreen": 148,
        "medicalshovel": 111,
        "medicine": 174,
        "metalmedicaltable": 240,
        "metalrod": 144,
        "microscope": 67,
        "mirror": 149,
        "monitor": 141,
        "mop": 85,
        "negatoscope": 108,
        "nightstand": 254,
        "notebook": 30,
        "operatingtable": 243,
        "paperstack": 253,
        "pen": 76,
        "pencil": 216,
        "phone": 102,
        "picture": 71,
        "pills": 193,
        "plant": 164,
        "poster": 120,
        "printer": 231,
        "rack": 97,
        "radiator": 145,
        "radiotower": 21,
        "railing": 101,
        "reflector": 13,
        "remote": 147,
        "road": 181,
        "rollingtable": 126,
        "roof": 32,
        "roofvent": 99,
        "ruler": 153,
        "scales": 100,
        "scalpel": 227,
        "scoop": 187,
        "screendivider": 215,
        "serratedcutter": 66,
        "shovel": 134,
        "sign": 63,
        "sink": 127,
        "sky": 137,
        "sofa": 211,
        "staircase": 201,
        "stairs": 183,
        "stapler": 113,
        "stationaryset": 68,
        "sterilecontainer": 249,
        "stethoscope": 46,
        "sugarbowl": 20,
        "surgicalpallets": 224,
        "switch": 26,
        "syringe": 43,
        "table": 172,
        "toilet": 47,
        "toiletbrush": 218,
        "toiletlid": 189,
        "toiletpaper": 122,
        "tomograph": 169,
        "tray": 14,
        "trophy": 114,
        "tv": 112,
        "tweezers": 177,
        "urinal": 142,
        "vendingmachine": 163,
        "ventilationgrill": 79,
        "wall": 170,
        "watercontainer": 2,
        "wheelchair": 212,
        "window": 225,
        "wire": 39,
        "wires": 220
    }
}