{
    "name_map": {
        "bar": 6,
        "barrel": 191,
        "bench": 72,
        "bottle": 64,
        "building": 59,
        "bullethole": 36,
        "candle": 195,
        "candlestick": 27,
        "card": 180,
        "ceiling": 199,
        "ceilinglight": 239,
        "chair": 146,
        "crate": 23,
        "cup": 160,
        "curtain": 116,
        "dice": 9,
        "door": 8,
        "fence": 28,
        "floor": 65,
        "furnace": 70,
        "ground": 143,
        "hat": 171,
        "haybail": 7,
        "hitchpost": 161,
        "jacket": 60,
        "jug": 208,
        "lamp": 188,
        "mountain": 205,
        "mug": 157,
        "piano": 123,
        "picture": 69,
        "plant": 132,
        "post": 175,
        "poster": 87,
        "rack": 242,
        "rope": 1,
        "sign": 229,
        "sky": 244,
        "spittoon": 49,
        "stone": 214,
        "stool": 129,
        "table": 106,
        "trough": 90,
        "wagon": 48,
        "wagonwheel": 74,
        "widow": 238,
        "woodplank": 109
    }
}