{
    "name_map": {
        "bar": 1,
        "barrel": 2,
        "bench": 3,
        "bottle": 4,
        "building": 5,
        "bullethole": 6,
        "candle": 7,
        "candlestick": 8,
        "card": 9,
        "ceiling": 10,
        "ceilinglight": 11,
        "chair": 12,
        "crate": 13,
        "cup": 14,
        "curtain": 15,
        "dice": 16,
        "door": 17,
        "fence": 18,
        "floor": 19,
        "furnace": 20,
        "ground": 21,
        "hat": 22,
        "haybail": 23,
        "hitchpost": 24,
        "jacket": 25,
        "jug": 26,
        "lamp": 27,
        "mountain": 28,
        "mug": 29,
        "piano": 30,
        "picture": 31,
        "plant": 32,
        "post": 33,
        "poster": 34,
        "rack": 35,
        "rope": 36,
        "sign": 37,
        "sky": 38,
        "spittoon": 39,
        "stone": 40,
        "stool": 41,
        "table": 42,
        "trough": 43,
        "wagon": 44,
        "wagonwheel": 45,
        "widow": 46,
        "woodplank": 47
    }
}
