{
    "name_map": {
        "airconditioner": 6,
        "ambulance": 191,
        "antenna": 72,
        "awning": 64,
        "barrel": 59,
        "barricade": 36,
        "barrier": 195,
        "barriersign": 27,
        "bench": 180,
        "bin": 199,
        "bollard": 239,
        "bottle": 146,
        "bp": 23,
        "bridge": 160,
        "building": 116,
        "buildingstructure": 9,
        "cabinet": 8,
        "cameraactor": 28,
        "car": 65,
        "cardboard": 70,
        "cardboardbox": 143,
        "cashregister": 171,
        "ceilinglight": 7,
        "chair": 161,
        "concretebarricade": 60,
        "cp": 208,
        "cyberpunk": 188,
        "door": 205,
        "drone": 157,
        "floorsign": 123,
        "foldingpole": 69,
        "fork": 132,
        "garbagebag": 175,
        "garbagecan": 87,
        "garbagecardboard": 242,
        "garbagepile": 1,
        "grey": 229,
        "ground": 244,
        "groundlight": 49,
        "hangingclothes": 214,
        "instancedfoliageactor": 129,
        "knife": 106,
        "laundryfolded": 90,
        "manhole": 48,
        "mannequin": 74,
        "motorbike": 238,
        "oven": 109,
        "phonebooth": 34,
        "pipe": 31,
        "pizza": 125,
        "pizzabox": 33,
        "plasticbottle": 119,
        "plate": 115,
        "recycler": 200,
        "road": 92,
        "shelf": 16,
        "sign": 241,
        "sky": 155,
        "sm": 182,
        "spicebag": 44,
        "stairs": 133,
        "streetlight": 29,
        "streetsign": 192,
        "table": 104,
        "tarfficlight": 219,
        "taxi": 217,
        "taxi2": 130,
        "taxi3": 204,
        "taxi4": 75,
        "taxi5": 250,
        "trafficcone": 24,
        "trafficsign": 17,
        "train": 236,
        "trainrail": 88,
        "trashbin": 110,
        "tree": 35,
        "treeplanter": 93,
        "umbrella": 42,
        "wall": 148,
        "walllight": 111,
        "washingmachine": 174,
        "woodenpallet": 240,
        "z": 144
    }
}