{
    "name_map": {
        "airconditioner": 1,
        "ambulance": 2,
        "antenna": 3,
        "awning": 4,
        "barrel": 5,
        "barricade": 6,
        "barrier": 7,
        "barriersign": 8,
        "bench": 9,
        "bin": 10,
        "bollard": 11,
        "bottle": 12,
        "bp": 13,
        "bridge": 14,
        "building": 15,
        "buildingstructure": 16,
        "cabinet": 17,
        "cameraactor": 18,
        "car": 19,
        "cardboard": 20,
        "cardboardbox": 21,
        "cashregister": 22,
        "ceilinglight": 23,
        "chair": 24,
        "concretebarricade": 25,
        "cp": 26,
        "cyberpunk": 27,
        "door": 28,
        "drone": 29,
        "floorsign": 30,
        "foldingpole": 31,
        "fork": 32,
        "garbagebag": 33,
        "garbagecan": 34,
        "garbagecardboard": 35,
        "garbagepile": 36,
        "grey": 37,
        "ground": 38,
        "groundlight": 39,
        "hangingclothes": 40,
        "instancedfoliageactor": 41,
        "knife": 42,
        "laundryfolded": 43,
        "manhole": 44,
        "mannequin": 45,
        "motorbike": 46,
        "oven": 47,
        "phonebooth": 48,
        "pipe": 49,
        "pizza": 50,
        "pizzabox": 51,
        "plasticbottle": 52,
        "plate": 53,
        "recycler": 54,
        "road": 55,
        "shelf": 56,
        "sign": 57,
        "sky": 58,
        "sm": 59,
        "spicebag": 60,
        "stairs": 61,
        "streetlight": 62,
        "streetsign": 63,
        "table": 64,
        "tarfficlight": 65,
        "taxi": 66,
        "taxi2": 67,
        "taxi3": 68,
        "taxi4": 69,
        "taxi5": 70,
        "trafficcone": 71,
        "trafficsign": 72,
        "train": 73,
        "trainrail": 74,
        "trashbin": 75,
        "tree": 76,
        "treeplanter": 77,
        "umbrella": 78,
        "wall": 79,
        "walllight": 80,
        "washingmachine": 81,
        "woodenpallet": 82,
        "z": 83
    }
}
