{
    "name_map": {
        "asphaltdebris": 6,
        "awning": 191,
        "bandsaw": 72,
        "barrel": 64,
        "barrierarm": 59,
        "barrierarmbase": 36,
        "beam": 195,
        "boilerbox": 27,
        "boilergroup": 180,
        "boilertank": 199,
        "brick": 239,
        "building": 146,
        "cabinet": 23,
        "cabinetdoor": 160,
        "cable": 116,
        "cablemachine": 9,
        "cablemachineframe": 8,
        "ceiling": 28,
        "ceilinglamp": 65,
        "chair": 70,
        "chimney": 143,
        "column": 171,
        "columnbeam": 7,
        "concretedebris": 161,
        "concretewall": 60,
        "crane": 208,
        "door": 188,
        "doorframe": 205,
        "elevatedwalkway": 157,
        "fan": 123,
        "fanmotor": 69,
        "fence": 132,
        "fireextinguisher": 175,
        "floor": 87,
        "forklift": 242,
        "forkliftfork": 1,
        "forkliftlift": 229,
        "fusebox": 244,
        "garbagecontainer": 49,
        "gasbox": 214,
        "gastank": 129,
        "grass": 106,
        "lamppost": 90,
        "lathe": 48,
        "log": 74,
        "logpile": 238,
        "metalcage": 109,
        "metalcagegate": 34,
        "pipe": 31,
        "pipecap": 125,
        "pipeholder": 33,
        "pipevalve": 119,
        "powerbox": 115,
        "rail": 200,
        "road": 92,
        "roof": 16,
        "roofglass": 241,
        "roofsupport": 155,
        "sidewalk": 182,
        "sky": 44,
        "stairs": 133,
        "storagetank": 29,
        "table": 192,
        "truck": 104,
        "truckdumpback": 219,
        "truckdumpbody": 217,
        "wall": 130,
        "windowglass": 204,
        "windows": 75,
        "wireroll": 250,
        "wires": 24,
        "wirespool": 17,
        "woodenbeam": 236,
        "woodenbeampile": 88,
        "woodenbeamstack": 110,
        "woodenpallet": 35,
        "woodenplanks": 93,
        "woodenplanksbundle": 42
    }
}