{
    "name_map": {
        "asphaltdebris": 1,
        "awning": 2,
        "bandsaw": 3,
        "barrel": 4,
        "barrierarm": 5,
        "barrierarmbase": 6,
        "beam": 7,
        "boilerbox": 8,
        "boilergroup": 9,
        "boilertank": 10,
        "brick": 11,
        "building": 12,
        "cabinet": 13,
        "cabinetdoor": 14,
        "cable": 15,
        "cablemachine": 16,
        "cablemachineframe": 17,
        "ceiling": 18,
        "ceilinglamp": 19,
        "chair": 20,
        "chimney": 21,
        "column": 22,
        "columnbeam": 23,
        "concretedebris": 24,
        "concretewall": 25,
        "crane": 26,
        "door": 27,
        "doorframe": 28,
        "elevatedwalkway": 29,
        "fan": 30,
        "fanmotor": 31,
        "fence": 32,
        "fireextinguisher": 33,
        "floor": 34,
        "forklift": 35,
        "forkliftfork": 36,
        "forkliftlift": 37,
        "fusebox": 38,
        "garbagecontainer": 39,
        "gasbox": 40,
        "gastank": 41,
        "grass": 42,
        "lamppost": 43,
        "lathe": 44,
        "log": 45,
        "logpile": 46,
        "metalcage": 47,
        "metalcagegate": 48,
        "pipe": 49,
        "pipecap": 50,
        "pipeholder": 51,
        "pipevalve": 52,
        "powerbox": 53,
        "rail": 54,
        "road": 55,
        "roof": 56,
        "roofglass": 57,
        "roofsupport": 58,
        "sidewalk": 59,
        "sky": 60,
        "stairs": 61,
        "storagetank": 62,
        "table": 63,
        "truck": 64,
        "truckdumpback": 65,
        "truckdumpbody": 66,
        "wall": 67,
        "windowglass": 68,
        "windows": 69,
        "wireroll": 70,
        "wires": 71,
        "wirespool": 72,
        "woodenbeam": 73,
        "woodenbeampile": 74,
        "woodenbeamstack": 75,
        "woodenpallet": 76,
        "woodenplanks": 77,
        "woodenplanksbundle": 78
    }
}
