{
    "name_map": {
        "building": 1,
        "cameraactor": 2,
        "cardboardbox": 3,
        "cloud": 4,
        "concretebeam": 5,
        "concretecurb": 6,
        "concretepillar": 7,
        "door": 8,
        "fencepost": 9,
        "floor": 10,
        "floorbroken": 11,
        "floorrubble": 12,
        "grass": 13,
        "ground": 14,
        "landscape": 15,
        "metalbarrel": 16,
        "metalrail": 17,
        "pallet": 18,
        "pillar": 19,
        "pipe": 20,
        "plant": 21,
        "road": 22,
        "rockpile": 23,
        "roof": 24,
        "rubble": 25,
        "sky": 26,
        "stair": 27,
        "staticmeshactor": 28,
        "wall": 29,
        "wallbroken": 30,
        "wallcornerpiece": 31
    }
}
