{
    "name_map": {
        "building": 6,
        "cameraactor": 191,
        "cardboardbox": 72,
        "cloud": 64,
        "concretebeam": 59,
        "concretecurb": 36,
        "concretepillar": 195,
        "door": 27,
        "fencepost": 180,
        "floor": 199,
        "floorbroken": 239,
        "floorrubble": 146,
        "grass": 23,
        "ground": 160,
        "landscape": 116,
        "metalbarrel": 9,
        "metalrail": 8,
        "pallet": 28,
        "pillar": 65,
        "pipe": 70,
        "plant": 143,
        "road": 171,
        "rockpile": 7,
        "roof": 161,
        "rubble": 60,
        "sky": 208,
        "stair": 188,
        "staticmeshactor": 205,
        "wall": 157,
        "wallbroken": 123,
        "wallcornerpiece": 69
    }
}