{
    "name_map": {
        "amplifier": 1,
        "artbird": 2,
        "barbeque": 3,
        "barrel": 4,
        "basin": 5,
        "basinbase": 6,
        "bathtub": 7,
        "bathtubrail": 8,
        "bed": 9,
        "bedspread": 10,
        "bench": 11,
        "blinds": 12,
        "boatcovered": 13,
        "book": 14,
        "bookrow": 15,
        "bookshelf": 16,
        "bp": 17,
        "bread": 18,
        "breadbox": 19,
        "building": 20,
        "cabinet": 21,
        "candleholder": 22,
        "cassette": 23,
        "ceilinglight": 24,
        "chair": 25,
        "childactor": 26,
        "coatrack": 27,
        "coffeegrinder": 28,
        "cookingpot": 29,
        "cookingpotlid": 30,
        "counch": 31,
        "crucifix": 32,
        "cup": 33,
        "curtain": 34,
        "cuttingboard": 35,
        "dehumidifier": 36,
        "doily": 37,
        "door": 38,
        "drawer": 39,
        "electricbox": 40,
        "fence": 41,
        "fencecolumn": 42,
        "flowerpot": 43,
        "flowerpottray": 44,
        "foldingscreen": 45,
        "gasmeter": 46,
        "gate": 47,
        "glassbottle": 48,
        "glasscup": 49,
        "grater": 50,
        "ground": 51,
        "handsink": 52,
        "heater": 53,
        "houselight": 54,
        "instancedfoliageactor": 55,
        "ivy": 56,
        "jar": 57,
        "knight": 58,
        "ladel": 59,
        "lamp": 60,
        "lightbulb": 61,
        "lightswitch": 62,
        "magazine": 63,
        "mailbox": 64,
        "microwave": 65,
        "mirror": 66,
        "oars": 67,
        "oven": 68,
        "painting": 69,
        "piano": 70,
        "pianostool": 71,
        "pictureframe": 72,
        "pillow": 73,
        "pitcher": 74,
        "plant": 75,
        "plate": 76,
        "pokercase": 77,
        "pokerchip": 78,
        "pokerdeck": 79,
        "potatomasher": 80,
        "receiver": 81,
        "refrigerator": 82,
        "rollingpin": 83,
        "rug": 84,
        "saucespoon": 85,
        "scale": 86,
        "shelf": 87,
        "skimmer": 88,
        "soap": 89,
        "soapdish": 90,
        "spaghettiserver": 91,
        "speaker": 92,
        "stairs": 93,
        "suitcase": 94,
        "table": 95,
        "tablecloth": 96,
        "tardis": 97,
        "telephone": 98,
        "toilet": 99,
        "toiletbrush": 100,
        "toothbrush": 101,
        "towel": 102,
        "towelpaper": 103,
        "towelrail": 104,
        "trashcan": 105,
        "tray": 106,
        "turntable": 107,
        "tv": 108,
        "utensilrack": 109,
        "vase": 110,
        "vinylrecords": 111,
        "wallclock": 112,
        "walllight": 113,
        "washingmachine": 114,
        "woodenplank": 115
    }
}
