{
    "name_map": {
        "amplifier": 6,
        "artbird": 191,
        "barbeque": 72,
        "barrel": 64,
        "basin": 59,
        "basinbase": 36,
        "bathtub": 195,
        "bathtubrail": 27,
        "bed": 180,
        "bedspread": 199,
        "bench": 239,
        "blinds": 146,
        "boatcovered": 23,
        "book": 160,
        "bookrow": 116,
        "bookshelf": 9,
        "bp": 8,
        "bread": 28,
        "breadbox": 65,
        "building": 70,
        "cabinet": 143,
        "candleholder": 171,
        "cassette": 7,
        "ceilinglight": 161,
        "chair": 60,
        "childactor": 208,
        "coatrack": 188,
        "coffeegrinder": 205,
        "cookingpot": 157,
        "cookingpotlid": 123,
        "counch": 69,
        "crucifix": 132,
        "cup": 175,
        "curtain": 87,
        "cuttingboard": 242,
        "dehumidifier": 1,
        "doily": 229,
        "door": 244,
        "drawer": 49,
        "electricbox": 214,
        "fence": 129,
        "fencecolumn": 106,
        "flowerpot": 90,
        "flowerpottray": 48,
        "foldingscreen": 74,
        "gasmeter": 238,
        "gate": 109,
        "glassbottle": 34,
        "glasscup": 31,
        "grater": 125,
        "ground": 33,
        "handsink": 119,
        "heater": 115,
        "houselight": 200,
        "instancedfoliageactor": 92,
        "ivy": 16,
        "jar": 241,
        "knight": 155,
        "ladel": 182,
        "lamp": 44,
        "lightbulb": 133,
        "lightswitch": 29,
        "magazine": 192,
        "mailbox": 104,
        "microwave": 219,
        "mirror": 217,
        "oars": 130,
        "oven": 204,
        "painting": 75,
        "piano": 250,
        "pianostool": 24,
        "pictureframe": 17,
        "pillow": 236,
        "pitcher": 88,
        "plant": 110,
        "plate": 35,
        "pokercase": 93,
        "pokerchip": 42,
        "pokerdeck": 148,
        "potatomasher": 111,
        "receiver": 174,
        "refrigerator": 240,
        "rollingpin": 144,
        "rug": 67,
        "saucespoon": 149,
        "scale": 141,
        "shelf": 85,
        "skimmer": 108,
        "soap": 254,
        "soapdish": 30,
        "spaghettiserver": 243,
        "speaker": 253,
        "stairs": 76,
        "suitcase": 216,
        "table": 102,
        "tablecloth": 71,
        "tardis": 193,
        "telephone": 164,
        "toilet": 120,
        "toiletbrush": 231,
        "toothbrush": 97,
        "towel": 145,
        "towelpaper": 21,
        "towelrail": 101,
        "trashcan": 13,
        "tray": 147,
        "turntable": 181,
        "tv": 126,
        "utensilrack": 32,
        "vase": 99,
        "vinylrecords": 153,
        "wallclock": 100,
        "walllight": 227,
        "washingmachine": 187,
        "woodenplank": 215
    }
}