{
    "name_map": {
        "balcony": 1,
        "barrel": 2,
        "beam": 3,
        "boat": 4,
        "bp": 5,
        "building": 6,
        "column": 7,
        "crate": 8,
        "door": 9,
        "fence": 10,
        "floor": 11,
        "frame": 12,
        "grate": 13,
        "gravel": 14,
        "ground": 15,
        "instancedfoliageactor": 16,
        "lamp": 17,
        "metalbar": 18,
        "metalchain": 19,
        "metaltrim": 20,
        "pillar": 21,
        "pipe": 22,
        "planks": 23,
        "plant": 24,
        "plaque": 25,
        "pole": 26,
        "pump": 27,
        "railing": 28,
        "rock": 29,
        "roof": 30,
        "rubble": 31,
        "shutter": 32,
        "sidewalk": 33,
        "stairs": 34,
        "support": 35,
        "trim": 36,
        "vent": 37,
        "walkway": 38,
        "wall": 39,
        "wallpaper": 40,
        "water": 41,
        "window": 42,
        "wire": 43,
        "wood": 44,
        "z": 45
    }
}
