{
    "name_map": {
        "balcony": 6,
        "barrel": 191,
        "beam": 72,
        "boat": 64,
        "bp": 59,
        "building": 36,
        "column": 195,
        "crate": 27,
        "door": 180,
        "fence": 199,
        "floor": 239,
        "frame": 146,
        "grate": 23,
        "gravel": 160,
        "ground": 116,
        "instancedfoliageactor": 9,
        "lamp": 8,
        "metalbar": 28,
        "metalchain": 65,
        "metaltrim": 70,
        "pillar": 143,
        "pipe": 171,
        "planks": 7,
        "plant": 161,
        "plaque": 60,
        "pole": 208,
        "pump": 188,
        "railing": 205,
        "rock": 157,
        "roof": 123,
        "rubble": 69,
        "shutter": 132,
        "sidewalk": 175,
        "stairs": 87,
        "support": 242,
        "trim": 1,
        "vent": 229,
        "walkway": 244,
        "wall": 49,
        "wallpaper": 214,
        "water": 129,
        "window": 106,
        "wire": 90,
        "wood": 48,
        "z": 74
    }
}