{
    "name_map": {
        "airconditioner": 1,
        "bed": 2,
        "board": 3,
        "book": 4,
        "bookend": 5,
        "box": 6,
        "building": 7,
        "carpet": 8,
        "ceiling": 9,
        "chair": 10,
        "countertop": 11,
        "cup": 12,
        "cupboard": 13,
        "cuttingboard": 14,
        "door": 15,
        "drawer": 16,
        "electricburner": 17,
        "floor": 18,
        "fridge": 19,
        "ground": 20,
        "lamp": 21,
        "lightswitch": 22,
        "log": 23,
        "metalrail": 24,
        "mirror": 25,
        "ottoman": 26,
        "oven": 27,
        "painting": 28,
        "pillow": 29,
        "plant": 30,
        "plate": 31,
        "rafter": 32,
        "rock": 33,
        "shelf": 34,
        "showerhead": 35,
        "sink": 36,
        "sky": 37,
        "soap": 38,
        "socket": 39,
        "sofa": 40,
        "stair": 41,
        "stump": 42,
        "support": 43,
        "switch": 44,
        "table": 45,
        "tap": 46,
        "teapot": 47,
        "television": 48,
        "toilet": 49,
        "tree": 50,
        "utensils": 51,
        "vase": 52,
        "wall": 53,
        "washingmachine": 54,
        "window": 55,
        "z": 56
    }
}
