{
    "name_map": {
        "airconditioner": 6,
        "bed": 191,
        "board": 72,
        "book": 64,
        "bookend": 59,
        "box": 36,
        "building": 195,
        "carpet": 27,
        "ceiling": 180,
        "chair": 199,
        "countertop": 239,
        "cup": 146,
        "cupboard": 23,
        "cuttingboard": 160,
        "door": 116,
        "drawer": 9,
        "electricburner": 8,
        "floor": 28,
        "fridge": 65,
        "ground": 70,
        "lamp": 143,
        "lightswitch": 171,
        "log": 7,
        "metalrail": 161,
        "mirror": 60,
        "ottoman": 208,
        "oven": 188,
        "painting": 205,
        "pillow": 157,
        "plant": 123,
        "plate": 69,
        "rafter": 132,
        "rock": 175,
        "shelf": 87,
        "showerhead": 242,
        "sink": 1,
        "sky": 229,
        "soap": 244,
        "socket": 49,
        "sofa": 214,
        "stair": 129,
        "stump": 106,
        "support": 90,
        "switch": 48,
        "table": 74,
        "tap": 238,
        "teapot": 109,
        "television": 34,
        "toilet": 31,
        "tree": 125,
        "utensils": 33,
        "vase": 119,
        "wall": 115,
        "washingmachine": 200,
        "window": 92,
        "z": 16
    }
}