{
    "name_map": {
        "awning": 6,
        "blinds": 191,
        "buildingbase": 72,
        "bush": 64,
        "cashregister": 59,
        "ceiling": 36,
        "ceilinglight": 195,
        "coffeecup": 27,
        "coffeemachine": 180,
        "coffeepot": 199,
        "counter": 239,
        "dividerwall": 146,
        "door": 23,
        "floortile": 160,
        "flowerbox": 116,
        "foodtray": 9,
        "fork": 8,
        "gumballmachine": 28,
        "hanginglight": 65,
        "hotplate": 70,
        "kitchencabinet": 143,
        "kitchencounter": 171,
        "knife": 7,
        "menuboard": 161,
        "metalshelf": 60,
        "napkinholder": 208,
        "placemat": 188,
        "plasticcup": 205,
        "plate": 157,
        "roof": 123,
        "saltpeppershaker": 69,
        "saucebottle": 132,
        "seat": 175,
        "sign": 87,
        "sky0": 242,
        "spoon": 1,
        "stairs": 229,
        "stool": 244,
        "supportpole": 49,
        "table": 214,
        "trim": 129,
        "wall": 106,
        "wallinterior": 90,
        "walltile": 48,
        "window": 74,
        "sky": 0
    }
}