{
    "name_map": {
        "awning": 1,
        "blinds": 2,
        "buildingbase": 3,
        "bush": 4,
        "cashregister": 5,
        "ceiling": 6,
        "ceilinglight": 7,
        "coffeecup": 8,
        "coffeemachine": 9,
        "coffeepot": 10,
        "counter": 11,
        "dividerwall": 12,
        "door": 13,
        "floortile": 14,
        "flowerbox": 15,
        "foodtray": 16,
        "fork": 17,
        "gumballmachine": 18,
        "hanginglight": 19,
        "hotplate": 20,
        "kitchencabinet": 21,
        "kitchencounter": 22,
        "knife": 23,
        "menuboard": 24,
        "metalshelf": 25,
        "napkinholder": 26,
        "placemat": 27,
        "plasticcup": 28,
        "plate": 29,
        "roof": 30,
        "saltpeppershaker": 31,
        "saucebottle": 32,
        "seat": 33,
        "sign": 34,
        "sky0": 35,
        "spoon": 36,
        "stairs": 37,
        "stool": 38,
        "supportpole": 39,
        "table": 40,
        "trim": 41,
        "wall": 42,
        "wallinterior": 43,
        "walltile": 44,
        "window": 45,
        "sky": 162
    }
}
