{
    "name_map": {
        "airconditioning": 1,
        "antitankobstacle": 2,
        "bollard": 3,
        "building": 4,
        "cablespool": 5,
        "concreteblock": 6,
        "concretefloor": 7,
        "concretesupport": 8,
        "concretewall": 9,
        "debris": 10,
        "drainpipe": 11,
        "electricalcompensator": 12,
        "electricalconduit": 13,
        "electricalwires": 14,
        "electricpole": 15,
        "fluorescentlight": 16,
        "gascylinder": 17,
        "gasmeterpipe": 18,
        "ground": 19,
        "hangardoor": 20,
        "instancedfoliageactor": 21,
        "ladder": 22,
        "landrig": 23,
        "leafdecal": 24,
        "metalconduit": 25,
        "metalcylinder": 26,
        "metalfence": 27,
        "metalgate": 28,
        "metalsupport": 29,
        "paperdebris": 30,
        "plywood": 31,
        "road": 32,
        "scaffolding": 33,
        "scaffoldingboards": 34,
        "scaffoldingsign": 35,
        "sky": 36,
        "storagecontainer": 37,
        "streetlight": 38,
        "tankcontainer": 39,
        "tankvertical": 40,
        "train": 41,
        "trashdumpster": 42,
        "wallbumper": 43,
        "woodenpallet": 44
    }
}
