{
    "name_map": {
        "airconditioning": 6,
        "antitankobstacle": 191,
        "bollard": 72,
        "building": 64,
        "cablespool": 59,
        "concreteblock": 36,
        "concretefloor": 195,
        "concretesupport": 27,
        "concretewall": 180,
        "debris": 199,
        "drainpipe": 239,
        "electricalcompensator": 146,
        "electricalconduit": 23,
        "electricalwires": 160,
        "electricpole": 116,
        "fluorescentlight": 9,
        "gascylinder": 8,
        "gasmeterpipe": 28,
        "ground": 65,
        "hangardoor": 70,
        "instancedfoliageactor": 143,
        "ladder": 171,
        "landrig": 7,
        "leafdecal": 161,
        "metalconduit": 60,
        "metalcylinder": 208,
        "metalfence": 188,
        "metalgate": 205,
        "metalsupport": 157,
        "paperdebris": 123,
        "plywood": 69,
        "road": 132,
        "scaffolding": 175,
        "scaffoldingboards": 87,
        "scaffoldingsign": 242,
        "sky": 1,
        "storagecontainer": 229,
        "streetlight": 244,
        "tankcontainer": 49,
        "tankvertical": 214,
        "train": 129,
        "trashdumpster": 106,
        "wallbumper": 90,
        "woodenpallet": 48
    }
}