{
    "name_map": {
        "ashtray": 6,
        "awning": 191,
        "barrel": 72,
        "basin": 64,
        "basket": 59,
        "bathtub": 36,
        "bed": 195,
        "boards": 27,
        "book": 180,
        "bottle": 199,
        "building": 239,
        "cabinet": 146,
        "candle": 23,
        "ceiling": 160,
        "ceilinglight": 116,
        "chair": 9,
        "chamberpot": 8,
        "clock": 28,
        "coaster": 65,
        "coffeemaker": 70,
        "cookingpot": 143,
        "counter": 171,
        "cup": 7,
        "curtain": 161,
        "cushion": 60,
        "door": 208,
        "fire": 188,
        "fireplace": 205,
        "flipflops": 157,
        "floor": 123,
        "ground": 69,
        "handtowel": 132,
        "hangingrug": 175,
        "houselight": 87,
        "log": 242,
        "logholder": 1,
        "mirror": 229,
        "paper": 244,
        "pictureframe": 49,
        "pillow": 214,
        "pitcher": 129,
        "plank": 106,
        "plate": 90,
        "plunger": 48,
        "poker": 74,
        "pokerholder": 238,
        "pot": 109,
        "rafters": 34,
        "rail": 31,
        "roof": 125,
        "rug": 33,
        "shelf": 119,
        "shovel": 115,
        "sink": 200,
        "sky": 92,
        "soapholder": 16,
        "stool": 241,
        "stove": 155,
        "table": 182,
        "tablecloth": 44,
        "tile": 133,
        "toilet": 29,
        "toiletpaper": 192,
        "towel": 104,
        "wall": 219,
        "window": 217
    }
}