{
    "name_map": {
        "ashtray": 1,
        "awning": 2,
        "barrel": 3,
        "basin": 4,
        "basket": 5,
        "bathtub": 6,
        "bed": 7,
        "boards": 8,
        "book": 9,
        "bottle": 10,
        "building": 11,
        "cabinet": 12,
        "candle": 13,
        "ceiling": 14,
        "ceilinglight": 15,
        "chair": 16,
        "chamberpot": 17,
        "clock": 18,
        "coaster": 19,
        "coffeemaker": 20,
        "cookingpot": 21,
        "counter": 22,
        "cup": 23,
        "curtain": 24,
        "cushion": 25,
        "door": 26,
        "fire": 27,
        "fireplace": 28,
        "flipflops": 29,
        "floor": 30,
        "ground": 31,
        "handtowel": 32,
        "hangingrug": 33,
        "houselight": 34,
        "log": 35,
        "logholder": 36,
        "mirror": 37,
        "paper": 38,
        "pictureframe": 39,
        "pillow": 40,
        "pitcher": 41,
        "plank": 42,
        "plate": 43,
        "plunger": 44,
        "poker": 45,
        "pokerholder": 46,
        "pot": 47,
        "rafters": 48,
        "rail": 49,
        "roof": 50,
        "rug": 51,
        "shelf": 52,
        "shovel": 53,
        "sink": 54,
        "sky": 55,
        "soapholder": 56,
        "stool": 57,
        "stove": 58,
        "table": 59,
        "tablecloth": 60,
        "tile": 61,
        "toilet": 62,
        "toiletpaper": 63,
        "towel": 64,
        "wall": 65,
        "window": 66
    }
}
