{
    "name_map": {
        "arch": 6,
        "archmodling": 191,
        "archpart": 72,
        "archway": 64,
        "book": 59,
        "bookshelf": 36,
        "brick": 195,
        "bridge": 27,
        "bridgearch": 180,
        "bridgerailing": 199,
        "building": 239,
        "buttress": 146,
        "candelabra": 23,
        "ceiling": 160,
        "columnbase": 116,
        "columndetail": 9,
        "columnring": 8,
        "columntop": 28,
        "cylinder": 65,
        "decoration": 70,
        "door": 143,
        "flag": 171,
        "floor": 7,
        "flower": 161,
        "grass": 60,
        "ground": 208,
        "merlon": 188,
        "moon": 205,
        "plant": 157,
        "rafter": 123,
        "rock": 69,
        "roof": 132,
        "roofdetail": 175,
        "scroll": 87,
        "sky": 242,
        "stair": 1,
        "stone": 229,
        "stonebeam": 244,
        "stonecap": 49,
        "stonecolumn": 214,
        "stoneslab": 129,
        "trim": 106,
        "vaultedceiling": 90,
        "wall": 48,
        "walldecoration": 74,
        "walltrim": 238,
        "water": 109,
        "window": 34,
        "woodenbeam": 31
    }
}