{
    "name_map": {
        "arch": 1,
        "archmodling": 2,
        "archpart": 3,
        "archway": 4,
        "book": 5,
        "bookshelf": 6,
        "brick": 7,
        "bridge": 8,
        "bridgearch": 9,
        "bridgerailing": 10,
        "building": 11,
        "buttress": 12,
        "candelabra": 13,
        "ceiling": 14,
        "columnbase": 15,
        "columndetail": 16,
        "columnring": 17,
        "columntop": 18,
        "cylinder": 19,
        "decoration": 20,
        "door": 21,
        "flag": 22,
        "floor": 23,
        "flower": 24,
        "grass": 25,
        "ground": 26,
        "merlon": 27,
        "moon": 28,
        "plant": 29,
        "rafter": 30,
        "rock": 31,
        "roof": 32,
        "roofdetail": 33,
        "scroll": 34,
        "sky": 35,
        "stair": 36,
        "stone": 37,
        "stonebeam": 38,
        "stonecap": 39,
        "stonecolumn": 40,
        "stoneslab": 41,
        "trim": 42,
        "vaultedceiling": 43,
        "wall": 44,
        "walldecoration": 45,
        "walltrim": 46,
        "water": 47,
        "window": 48,
        "woodenbeam": 49
    }
}
