{
    "name_map": {
        "arches": 6,
        "banner": 191,
        "beam": 72,
        "bridge": 64,
        "building": 59,
        "buildingvent": 36,
        "chain": 195,
        "cloth": 27,
        "damwall": 180,
        "dirt": 199,
        "floor": 239,
        "floorgrate": 146,
        "fog": 23,
        "gear": 160,
        "glowstick": 116,
        "grass": 9,
        "ground": 8,
        "lamp": 28,
        "lamppost": 65,
        "leaves": 70,
        "light": 143,
        "mountainbackdrop": 171,
        "pipe": 7,
        "plants": 161,
        "powerline": 60,
        "railing": 208,
        "roadelevated": 188,
        "rock": 205,
        "roof": 157,
        "roots": 123,
        "scaffolding": 69,
        "sign": 132,
        "sky": 175,
        "sm": 87,
        "smoke": 242,
        "stairs": 1,
        "stairsstructural": 229,
        "streetlight": 244,
        "supportbeam": 49,
        "trashbag": 214,
        "trashcan": 129,
        "trashcanlid": 106,
        "tree": 90,
        "wall": 48,
        "water": 74,
        "waterfall": 238,
        "window": 109,
        "woodbeam": 34,
        "woodbridge": 31,
        "woodenwall": 125
    }
}