{
    "name_map": {
        "arches": 1,
        "banner": 2,
        "beam": 3,
        "bridge": 4,
        "building": 5,
        "buildingvent": 6,
        "chain": 7,
        "cloth": 8,
        "damwall": 9,
        "dirt": 10,
        "floor": 11,
        "floorgrate": 12,
        "fog": 13,
        "gear": 14,
        "glowstick": 15,
        "grass": 16,
        "ground": 17,
        "lamp": 18,
        "lamppost": 19,
        "leaves": 20,
        "light": 21,
        "mountainbackdrop": 22,
        "pipe": 23,
        "plants": 24,
        "powerline": 25,
        "railing": 26,
        "roadelevated": 27,
        "rock": 28,
        "roof": 29,
        "roots": 30,
        "scaffolding": 31,
        "sign": 32,
        "sky": 33,
        "sm": 34,
        "smoke": 35,
        "stairs": 36,
        "stairsstructural": 37,
        "streetlight": 38,
        "supportbeam": 39,
        "trashbag": 40,
        "trashcan": 41,
        "trashcanlid": 42,
        "tree": 43,
        "wall": 44,
        "water": 45,
        "waterfall": 46,
        "window": 47,
        "woodbeam": 48,
        "woodbridge": 49,
        "woodenwall": 50
    }
}
