{
    "name_map": {
        "bathroompartition": 6,
        "binder": 191,
        "blinds": 72,
        "book": 64,
        "bottle": 59,
        "briefcase": 36,
        "building": 195,
        "cardboardbox": 27,
        "carpet": 180,
        "ceiling": 199,
        "ceilingvent": 239,
        "chair": 146,
        "clipboard": 23,
        "clock": 160,
        "coffeecup": 116,
        "computerbaseunit": 9,
        "computermouse": 8,
        "computermousepad": 28,
        "copier": 65,
        "cup": 70,
        "cupboard": 143,
        "desk": 171,
        "donut": 7,
        "door": 161,
        "eraser": 60,
        "filecabinet": 208,
        "firealarm": 188,
        "firesprinkler": 205,
        "floor": 157,
        "goblet": 123,
        "handdryer": 69,
        "headsculpture": 132,
        "jug": 175,
        "keyboard": 87,
        "lamp": 242,
        "laptop": 1,
        "light": 229,
        "marker": 244,
        "microphone": 49,
        "mirror": 214,
        "monitor": 129,
        "paperstack": 106,
        "paperstand": 90,
        "papertray": 48,
        "pen": 74,
        "pencil": 238,
        "pencilcontainer": 109,
        "phone": 34,
        "picture": 31,
        "pictureframe": 125,
        "plant": 33,
        "printer": 119,
        "rack": 115,
        "receptiondesk": 200,
        "rollingcabinet": 92,
        "securitycamera": 16,
        "sign": 241,
        "sink": 155,
        "skysphere": 182,
        "smartphone": 44,
        "smokedetector": 133,
        "soapdispenser": 29,
        "sofa": 192,
        "sticker": 104,
        "table": 219,
        "tabletpc": 217,
        "toilet": 130,
        "trashcan": 204,
        "tray": 75,
        "tv": 250,
        "urinal": 24,
        "vase": 17,
        "wall": 236,
        "watercooler": 88,
        "whiteboardmagnet": 110,
        "window": 35,
        "writingmat": 93,
        "z": 42
    }
}