{
    "name_map": {
        "bathroompartition": 1,
        "binder": 2,
        "blinds": 3,
        "book": 4,
        "bottle": 5,
        "briefcase": 6,
        "building": 7,
        "cardboardbox": 8,
        "carpet": 9,
        "ceiling": 10,
        "ceilingvent": 11,
        "chair": 12,
        "clipboard": 13,
        "clock": 14,
        "coffeecup": 15,
        "computerbaseunit": 16,
        "computermouse": 17,
        "computermousepad": 18,
        "copier": 19,
        "cup": 20,
        "cupboard": 21,
        "desk": 22,
        "donut": 23,
        "door": 24,
        "eraser": 25,
        "filecabinet": 26,
        "firealarm": 27,
        "firesprinkler": 28,
        "floor": 29,
        "goblet": 30,
        "handdryer": 31,
        "headsculpture": 32,
        "jug": 33,
        "keyboard": 34,
        "lamp": 35,
        "laptop": 36,
        "light": 37,
        "marker": 38,
        "microphone": 39,
        "mirror": 40,
        "monitor": 41,
        "paperstack": 42,
        "paperstand": 43,
        "papertray": 44,
        "pen": 45,
        "pencil": 46,
        "pencilcontainer": 47,
        "phone": 48,
        "picture": 49,
        "pictureframe": 50,
        "plant": 51,
        "printer": 52,
        "rack": 53,
        "receptiondesk": 54,
        "rollingcabinet": 55,
        "securitycamera": 56,
        "sign": 57,
        "sink": 58,
        "skysphere": 59,
        "smartphone": 60,
        "smokedetector": 61,
        "soapdispenser": 62,
        "sofa": 63,
        "sticker": 64,
        "table": 65,
        "tabletpc": 66,
        "toilet": 67,
        "trashcan": 68,
        "tray": 69,
        "tv": 70,
        "urinal": 71,
        "vase": 72,
        "wall": 73,
        "watercooler": 74,
        "whiteboardmagnet": 75,
        "window": 76,
        "writingmat": 77,
        "z": 78
    }
}
