{
    "name_map": {
        "barrel": 6,
        "barshelf": 191,
        "basket": 72,
        "basketset": 64,
        "bed": 59,
        "bench": 36,
        "books": 195,
        "bottle": 27,
        "bp": 180,
        "building": 199,
        "burlapsack": 239,
        "burlapsackset": 146,
        "carraige": 23,
        "cashregister": 160,
        "cave": 116,
        "cellbars": 9,
        "chair": 8,
        "chairbar": 28,
        "chairdesk": 65,
        "coffin": 70,
        "curtain": 143,
        "desk": 171,
        "drawer": 7,
        "dynamite": 161,
        "fence": 60,
        "floorcarpet": 208,
        "foodcans": 188,
        "fryingpan": 205,
        "glassbottleset": 157,
        "hangingplatform": 123,
        "hat": 69,
        "haybale": 132,
        "horsepole": 175,
        "horsetrough": 87,
        "instancedfoliageactor": 242,
        "lantern": 1,
        "lightpole": 229,
        "log": 244,
        "logpile": 49,
        "metaltub": 214,
        "metaltubset": 129,
        "milk": 106,
        "milkcontainer": 90,
        "milkcontainerset": 48,
        "miningcart": 74,
        "mirror": 238,
        "nightstand": 109,
        "paintings": 34,
        "pans": 31,
        "photos": 125,
        "piano": 33,
        "pillars": 119,
        "posters": 115,
        "radio": 200,
        "rock": 92,
        "rolledtentset": 16,
        "safe": 241,
        "sermonbench": 155,
        "shopshelf": 182,
        "shovel": 44,
        "sign": 133,
        "sky": 29,
        "stool": 192,
        "stove": 104,
        "supplybox": 219,
        "supplyboxset": 217,
        "support": 130,
        "table": 204,
        "teapot": 75,
        "tent": 250,
        "tonicbottle": 24,
        "tonicbottleset": 17,
        "tracks": 236,
        "water": 88,
        "well": 110,
        "windmill": 35,
        "woodenbox": 93,
        "z": 42
    }
}