{
    "name_map": {
        "barrel": 1,
        "barshelf": 2,
        "basket": 3,
        "basketset": 4,
        "bed": 5,
        "bench": 6,
        "books": 7,
        "bottle": 8,
        "bp": 9,
        "building": 10,
        "burlapsack": 11,
        "burlapsackset": 12,
        "carraige": 13,
        "cashregister": 14,
        "cave": 15,
        "cellbars": 16,
        "chair": 17,
        "chairbar": 18,
        "chairdesk": 19,
        "coffin": 20,
        "curtain": 21,
        "desk": 22,
        "drawer": 23,
        "dynamite": 24,
        "fence": 25,
        "floorcarpet": 26,
        "foodcans": 27,
        "fryingpan": 28,
        "glassbottleset": 29,
        "hangingplatform": 30,
        "hat": 31,
        "haybale": 32,
        "horsepole": 33,
        "horsetrough": 34,
        "instancedfoliageactor": 35,
        "lantern": 36,
        "lightpole": 37,
        "log": 38,
        "logpile": 39,
        "metaltub": 40,
        "metaltubset": 41,
        "milk": 42,
        "milkcontainer": 43,
        "milkcontainerset": 44,
        "miningcart": 45,
        "mirror": 46,
        "nightstand": 47,
        "paintings": 48,
        "pans": 49,
        "photos": 50,
        "piano": 51,
        "pillars": 52,
        "posters": 53,
        "radio": 54,
        "rock": 55,
        "rolledtentset": 56,
        "safe": 57,
        "sermonbench": 58,
        "shopshelf": 59,
        "shovel": 60,
        "sign": 61,
        "sky": 62,
        "stool": 63,
        "stove": 64,
        "supplybox": 65,
        "supplyboxset": 66,
        "support": 67,
        "table": 68,
        "teapot": 69,
        "tent": 70,
        "tonicbottle": 71,
        "tonicbottleset": 72,
        "tracks": 73,
        "water": 74,
        "well": 75,
        "windmill": 76,
        "woodenbox": 77,
        "z": 78
    }
}
