{
    "name_map": {
        "awning": 1,
        "banner": 2,
        "bench": 3,
        "bikerack": 4,
        "bp": 5,
        "building": 6,
        "bush": 7,
        "ceiling": 8,
        "chair": 9,
        "firehydrant": 10,
        "floor": 11,
        "garbagecan": 12,
        "ground": 13,
        "leaves": 14,
        "light": 15,
        "metalbars": 16,
        "pipe": 17,
        "planter": 18,
        "post": 19,
        "powerline": 20,
        "railing": 21,
        "roof": 22,
        "sidewalk": 23,
        "sign": 24,
        "storesign": 25,
        "table": 26,
        "tramlines": 27,
        "tree": 28,
        "wall": 29,
        "z": 30
    }
}
