{
    "name_map": {
        "awning": 6,
        "banner": 191,
        "bench": 72,
        "bikerack": 64,
        "bp": 59,
        "building": 36,
        "bush": 195,
        "ceiling": 27,
        "chair": 180,
        "firehydrant": 199,
        "floor": 239,
        "garbagecan": 146,
        "ground": 23,
        "leaves": 160,
        "light": 116,
        "metalbars": 9,
        "pipe": 8,
        "planter": 28,
        "post": 65,
        "powerline": 70,
        "railing": 143,
        "roof": 171,
        "sidewalk": 7,
        "sign": 161,
        "storesign": 60,
        "table": 208,
        "tramlines": 188,
        "tree": 205,
        "wall": 157,
        "z": 123
    }
}