{
    "name_map": {
        "antenna": 1,
        "ashtray": 2,
        "award": 3,
        "blinds": 4,
        "book": 5,
        "calendar": 6,
        "calender": 7,
        "cart": 8,
        "cctvcamera": 9,
        "ceilingfan": 10,
        "ceilinglight": 11,
        "ceilingtile": 12,
        "ceilingvent": 13,
        "chair": 14,
        "cigarettes": 15,
        "corkboard": 16,
        "cup": 17,
        "curtain": 18,
        "curtainrod": 19,
        "desk": 20,
        "desklamp": 21,
        "door": 22,
        "electronic": 23,
        "fan": 24,
        "fanblade": 25,
        "filecabinet": 26,
        "fileholder": 27,
        "fireextinguisher": 28,
        "flagpole": 29,
        "folder": 30,
        "folderholder": 31,
        "fusebox": 32,
        "glasses": 33,
        "hat": 34,
        "heater": 35,
        "label": 36,
        "lighter": 37,
        "lightswitch": 38,
        "manilafolder": 39,
        "map": 40,
        "nameplate": 41,
        "notebook": 42,
        "oscilloscope": 43,
        "paper": 44,
        "paperbin": 45,
        "paperbox": 46,
        "paperpacket": 47,
        "paperpad": 48,
        "paperpile": 49,
        "pen": 50,
        "phone": 51,
        "pictureframe": 52,
        "plant": 53,
        "radio": 54,
        "reel": 55,
        "reelprojector": 56,
        "shelf": 57,
        "sign": 58,
        "sky": 59,
        "smokedetector": 60,
        "trashcan": 61,
        "tv": 62,
        "wall": 63,
        "wallclock": 64,
        "wallcoathanger": 65,
        "wallspeaker": 66,
        "walltrim": 67,
        "window": 68,
        "wires": 69,
        "wiring": 70,
        "wiringclamp": 71,
        "z": 72
    }
}
