{
    "name_map": {
        "antenna": 6,
        "ashtray": 191,
        "award": 72,
        "blinds": 64,
        "book": 59,
        "calendar": 36,
        "calender": 195,
        "cart": 27,
        "cctvcamera": 180,
        "ceilingfan": 199,
        "ceilinglight": 239,
        "ceilingtile": 146,
        "ceilingvent": 23,
        "chair": 160,
        "cigarettes": 116,
        "corkboard": 9,
        "cup": 8,
        "curtain": 28,
        "curtainrod": 65,
        "desk": 70,
        "desklamp": 143,
        "door": 171,
        "electronic": 7,
        "fan": 161,
        "fanblade": 60,
        "filecabinet": 208,
        "fileholder": 188,
        "fireextinguisher": 205,
        "flagpole": 157,
        "folder": 123,
        "folderholder": 69,
        "fusebox": 132,
        "glasses": 175,
        "hat": 87,
        "heater": 242,
        "label": 1,
        "lighter": 229,
        "lightswitch": 244,
        "manilafolder": 49,
        "map": 214,
        "nameplate": 129,
        "notebook": 106,
        "oscilloscope": 90,
        "paper": 48,
        "paperbin": 74,
        "paperbox": 238,
        "paperpacket": 109,
        "paperpad": 34,
        "paperpile": 31,
        "pen": 125,
        "phone": 33,
        "pictureframe": 119,
        "plant": 115,
        "radio": 200,
        "reel": 92,
        "reelprojector": 16,
        "shelf": 241,
        "sign": 155,
        "sky": 182,
        "smokedetector": 44,
        "trashcan": 133,
        "tv": 29,
        "wall": 192,
        "wallclock": 104,
        "wallcoathanger": 219,
        "wallspeaker": 217,
        "walltrim": 130,
        "window": 204,
        "wires": 75,
        "wiring": 250,
        "wiringclamp": 24,
        "z": 17
    }
}