{
    "name_map": {
        "awning": 6,
        "banner": 191,
        "bench": 72,
        "bikerack": 64,
        "building": 59,
        "bush": 36,
        "ceiling": 195,
        "chair": 27,
        "firehydrant": 180,
        "floor": 199,
        "garbage": 239,
        "ground": 146,
        "leaves": 23,
        "light": 160,
        "metalbars": 116,
        "pipe": 9,
        "planter": 8,
        "post": 28,
        "powerline": 65,
        "railing": 70,
        "roof": 143,
        "sidewalk": 171,
        "sign": 7,
        "steps": 161,
        "storesign": 60,
        "storesignsground": 208,
        "table": 188,
        "tramlines": 205,
        "tree": 157,
        "wall": 123,
        "z": 69
    }
}