{
    "name_map": {
        "airconditioner": 1,
        "airduct": 2,
        "bicycle": 3,
        "bottlebeer": 4,
        "building": 5,
        "buildingsupport": 6,
        "cable": 7,
        "ceiling": 8,
        "cigarette": 9,
        "cigarettebox": 10,
        "cloth": 11,
        "door": 12,
        "fence": 13,
        "fencepost": 14,
        "flag": 15,
        "floor": 16,
        "gasmask": 17,
        "glassbroken": 18,
        "ground": 19,
        "lantern": 20,
        "laundry": 21,
        "laundrybasket": 22,
        "laundryline": 23,
        "light": 24,
        "lightfluorescent": 25,
        "mailbox": 26,
        "newspaper": 27,
        "pipe": 28,
        "pipes": 29,
        "plantsivy": 30,
        "posters": 31,
        "powerutilitybox": 32,
        "rainrings": 33,
        "rollingdoor": 34,
        "sign": 35,
        "sodacan": 36,
        "stairs": 37,
        "storefront": 38,
        "teddybear": 39,
        "trashbag": 40,
        "trashbin": 41,
        "trashcan": 42,
        "wall": 43,
        "window": 44
    }
}
