{
    "name_map": {
        "airconditioner": 6,
        "airduct": 191,
        "bicycle": 72,
        "bottlebeer": 64,
        "building": 59,
        "buildingsupport": 36,
        "cable": 195,
        "ceiling": 27,
        "cigarette": 180,
        "cigarettebox": 199,
        "cloth": 239,
        "door": 146,
        "fence": 23,
        "fencepost": 160,
        "flag": 116,
        "floor": 9,
        "gasmask": 8,
        "glassbroken": 28,
        "ground": 65,
        "lantern": 70,
        "laundry": 143,
        "laundrybasket": 171,
        "laundryline": 7,
        "light": 161,
        "lightfluorescent": 60,
        "mailbox": 208,
        "newspaper": 188,
        "pipe": 205,
        "pipes": 157,
        "plantsivy": 123,
        "posters": 69,
        "powerutilitybox": 132,
        "rainrings": 175,
        "rollingdoor": 87,
        "sign": 242,
        "sodacan": 1,
        "stairs": 229,
        "storefront": 244,
        "teddybear": 49,
        "trashbag": 214,
        "trashbin": 129,
        "trashcan": 106,
        "wall": 90,
        "window": 48
    }
}