{
    "name_map": {
        "ball": 6,
        "bathtub": 191,
        "bed": 72,
        "bike": 64,
        "blinds": 59,
        "bookshelf": 36,
        "bowl": 195,
        "bowleggs": 27,
        "bowlfruit": 180,
        "bush": 199,
        "car": 239,
        "ceiling": 146,
        "ceilinglight": 23,
        "ceilingtile": 160,
        "ceilingtrim": 116,
        "chair": 9,
        "cookingpot": 8,
        "couch": 28,
        "cup": 65,
        "curtains": 70,
        "desk": 143,
        "door": 171,
        "dresser": 7,
        "electricaloutlet": 161,
        "fence": 60,
        "fencepost": 208,
        "floor": 188,
        "freezer": 205,
        "garagedoor": 157,
        "garageentrance": 123,
        "gate": 69,
        "grass": 132,
        "ground": 175,
        "groundasphalt": 87,
        "groundgrass": 242,
        "groundgrassasphalt": 1,
        "instancedfoliageactor": 229,
        "kitchencabinets": 244,
        "knife": 49,
        "knifeholder": 214,
        "ladder": 129,
        "lamp": 106,
        "laundryhanger": 90,
        "mailbox": 48,
        "outdoorlight": 74,
        "pan": 238,
        "pictureframe": 109,
        "pillar": 34,
        "plant": 31,
        "planterpot": 125,
        "plate": 33,
        "refrigerator": 119,
        "road": 115,
        "roof": 200,
        "shelf": 92,
        "shower": 16,
        "sink": 241,
        "sky": 155,
        "spoonrack": 182,
        "stairs": 44,
        "stool": 133,
        "streetlight": 29,
        "swing": 192,
        "table": 104,
        "toilet": 219,
        "towelholder": 217,
        "toy": 130,
        "trashbag": 204,
        "trashcan": 75,
        "tree": 250,
        "tv": 24,
        "tvcabinet": 17,
        "vase": 236,
        "wall": 88,
        "wallpillar": 110,
        "walltrim": 35,
        "wardrobe": 93,
        "wire": 42,
        "wooden": 148,
        "woodenrail": 111,
        "woodenrailpost": 174
    }
}