{
    "name_map": {
        "ball": 1,
        "bathtub": 2,
        "bed": 3,
        "bike": 4,
        "blinds": 5,
        "bookshelf": 6,
        "bowl": 7,
        "bowleggs": 8,
        "bowlfruit": 9,
        "bush": 10,
        "car": 11,
        "ceiling": 12,
        "ceilinglight": 13,
        "ceilingtile": 14,
        "ceilingtrim": 15,
        "chair": 16,
        "cookingpot": 17,
        "couch": 18,
        "cup": 19,
        "curtains": 20,
        "desk": 21,
        "door": 22,
        "dresser": 23,
        "electricaloutlet": 24,
        "fence": 25,
        "fencepost": 26,
        "floor": 27,
        "freezer": 28,
        "garagedoor": 29,
        "garageentrance": 30,
        "gate": 31,
        "grass": 32,
        "ground": 33,
        "groundasphalt": 34,
        "groundgrass": 35,
        "groundgrassasphalt": 36,
        "instancedfoliageactor": 37,
        "kitchencabinets": 38,
        "knife": 39,
        "knifeholder": 40,
        "ladder": 41,
        "lamp": 42,
        "laundryhanger": 43,
        "mailbox": 44,
        "outdoorlight": 45,
        "pan": 46,
        "pictureframe": 47,
        "pillar": 48,
        "plant": 49,
        "planterpot": 50,
        "plate": 51,
        "refrigerator": 52,
        "road": 53,
        "roof": 54,
        "shelf": 55,
        "shower": 56,
        "sink": 57,
        "sky": 58,
        "spoonrack": 59,
        "stairs": 60,
        "stool": 61,
        "streetlight": 62,
        "swing": 63,
        "table": 64,
        "toilet": 65,
        "towelholder": 66,
        "toy": 67,
        "trashbag": 68,
        "trashcan": 69,
        "tree": 70,
        "tv": 71,
        "tvcabinet": 72,
        "vase": 73,
        "wall": 74,
        "wallpillar": 75,
        "walltrim": 76,
        "wardrobe": 77,
        "wire": 78,
        "wooden": 79,
        "woodenrail": 80,
        "woodenrailpost": 81
    }
}
