{
    "name_map": {
        "balcony": 1,
        "bogie": 2,
        "building": 3,
        "cameraactor": 4,
        "cargocar": 5,
        "cargocontainer": 6,
        "cargocontainerdoor": 7,
        "coalcar": 8,
        "concreteblock": 9,
        "concretepipe": 10,
        "concretepipestack": 11,
        "curbs": 12,
        "door": 13,
        "electricalbox": 14,
        "fence": 15,
        "forklift": 16,
        "groundlandscape": 17,
        "ladder": 18,
        "light": 19,
        "lumber": 20,
        "lumberplatform": 21,
        "oildrum": 22,
        "pallet": 23,
        "pipe": 24,
        "pipes": 25,
        "portablerestroom": 26,
        "post": 27,
        "rail": 28,
        "railroadcrossinggate": 29,
        "railroadcrossingoverhang": 30,
        "railroadcrossingsign": 31,
        "railstop": 32,
        "road": 33,
        "rollupdoor": 34,
        "semitrailer": 35,
        "semitrailerdoor": 36,
        "shelfs": 37,
        "silo": 38,
        "smokestack": 39,
        "stairsmetal": 40,
        "steelbeam": 41,
        "steelbeamceilingsupport": 42,
        "tarp": 43,
        "trainflat": 44,
        "trees": 45,
        "vent": 46,
        "ventduct": 47,
        "weed": 48,
        "z": 49
    }
}
