{
    "name_map": {
        "balcony": 6,
        "bogie": 191,
        "building": 72,
        "cameraactor": 64,
        "cargocar": 59,
        "cargocontainer": 36,
        "cargocontainerdoor": 195,
        "coalcar": 27,
        "concreteblock": 180,
        "concretepipe": 199,
        "concretepipestack": 239,
        "curbs": 146,
        "door": 23,
        "electricalbox": 160,
        "fence": 116,
        "forklift": 9,
        "groundlandscape": 8,
        "ladder": 28,
        "light": 65,
        "lumber": 70,
        "lumberplatform": 143,
        "oildrum": 171,
        "pallet": 7,
        "pipe": 161,
        "pipes": 60,
        "portablerestroom": 208,
        "post": 188,
        "rail": 205,
        "railroadcrossinggate": 157,
        "railroadcrossingoverhang": 123,
        "railroadcrossingsign": 69,
        "railstop": 132,
        "road": 175,
        "rollupdoor": 87,
        "semitrailer": 242,
        "semitrailerdoor": 1,
        "shelfs": 229,
        "silo": 244,
        "smokestack": 49,
        "stairsmetal": 214,
        "steelbeam": 129,
        "steelbeamceilingsupport": 106,
        "tarp": 90,
        "trainflat": 48,
        "trees": 74,
        "vent": 238,
        "ventduct": 109,
        "weed": 34,
        "z": 31
    }
}