{
    "name_map": {
        "awning": 1,
        "barrel": 2,
        "building": 3,
        "cameraactor": 4,
        "castlegate": 5,
        "chimney": 6,
        "door": 7,
        "fabric": 8,
        "flag": 9,
        "floor": 10,
        "grass": 11,
        "ground": 12,
        "rock": 13,
        "roof": 14,
        "rope": 15,
        "sign": 16,
        "sky": 17,
        "stairs": 18,
        "staticmeshactor": 19,
        "stoneblocks": 20,
        "stonebridgesupport": 21,
        "stonecolumn": 22,
        "stonefoundation": 23,
        "stonegutter": 24,
        "stonewall": 25,
        "stonewindow": 26,
        "streetlight": 27,
        "wagon": 28,
        "wagonwheel": 29,
        "wall": 30,
        "washtub": 31,
        "woodchunks": 32,
        "woodenbeam": 33,
        "woodenbox": 34,
        "woodenfence": 35,
        "woodenplanks": 36,
        "woodenstructure": 37,
        "z": 38
    }
}
