{
    "name_map": {
        "awning": 6,
        "barrel": 191,
        "building": 72,
        "cameraactor": 64,
        "castlegate": 59,
        "chimney": 36,
        "door": 195,
        "fabric": 27,
        "flag": 180,
        "floor": 199,
        "grass": 239,
        "ground": 146,
        "rock": 23,
        "roof": 160,
        "rope": 116,
        "sign": 9,
        "sky": 8,
        "stairs": 28,
        "staticmeshactor": 65,
        "stoneblocks": 70,
        "stonebridgesupport": 143,
        "stonecolumn": 171,
        "stonefoundation": 7,
        "stonegutter": 161,
        "stonewall": 60,
        "stonewindow": 208,
        "streetlight": 188,
        "wagon": 205,
        "wagonwheel": 157,
        "wall": 123,
        "washtub": 69,
        "woodchunks": 132,
        "woodenbeam": 175,
        "woodenbox": 87,
        "woodenfence": 242,
        "woodenplanks": 1,
        "woodenstructure": 229,
        "z": 244
    }
}