{
    "name_map": {
        "airconditioner": 6,
        "antenna": 191,
        "apples": 72,
        "awning": 64,
        "awningframe": 59,
        "balcony": 36,
        "barbedwire": 195,
        "bridge": 27,
        "building": 180,
        "cardboardbox": 199,
        "cart": 239,
        "cigarettebutt": 146,
        "clothes": 23,
        "clothesline": 160,
        "concreteblock": 116,
        "concretechannel": 9,
        "concretewall": 8,
        "cup": 28,
        "cupcrumpled": 65,
        "door": 70,
        "doorframe": 143,
        "doorhinges": 171,
        "dryer": 7,
        "electricalcontact": 161,
        "electricpole": 60,
        "flag": 208,
        "flagpole": 188,
        "floor": 205,
        "floortile": 157,
        "glass": 123,
        "graffitidecal": 69,
        "grass": 132,
        "gravel": 175,
        "ground": 87,
        "metaltentframe": 242,
        "paintcan": 1,
        "paper": 229,
        "pipe": 244,
        "road": 49,
        "rollingoverheaddoor": 214,
        "shutterhinge": 129,
        "shutters": 106,
        "sidewalk": 90,
        "sky": 48,
        "stairs": 74,
        "steelplatform": 238,
        "table": 109,
        "tent": 34,
        "trashbag": 31,
        "wall": 125,
        "waterpipe": 33,
        "watertank": 119,
        "wheel": 115,
        "windowairconditioner": 200,
        "windowgrill": 92,
        "windows": 16,
        "wires": 241,
        "woodenbeams": 155,
        "woodenboard": 182,
        "woodenbox": 44,
        "woodengates": 133,
        "woodenpallet": 29,
        "woodenshield": 192
    }
}