{
    "name_map": {
        "airconditioner": 1,
        "antenna": 2,
        "apples": 3,
        "awning": 4,
        "awningframe": 5,
        "balcony": 6,
        "barbedwire": 7,
        "bridge": 8,
        "building": 9,
        "cardboardbox": 10,
        "cart": 11,
        "cigarettebutt": 12,
        "clothes": 13,
        "clothesline": 14,
        "concreteblock": 15,
        "concretechannel": 16,
        "concretewall": 17,
        "cup": 18,
        "cupcrumpled": 19,
        "door": 20,
        "doorframe": 21,
        "doorhinges": 22,
        "dryer": 23,
        "electricalcontact": 24,
        "electricpole": 25,
        "flag": 26,
        "flagpole": 27,
        "floor": 28,
        "floortile": 29,
        "glass": 30,
        "graffitidecal": 31,
        "grass": 32,
        "gravel": 33,
        "ground": 34,
        "metaltentframe": 35,
        "paintcan": 36,
        "paper": 37,
        "pipe": 38,
        "road": 39,
        "rollingoverheaddoor": 40,
        "shutterhinge": 41,
        "shutters": 42,
        "sidewalk": 43,
        "sky": 44,
        "stairs": 45,
        "steelplatform": 46,
        "table": 47,
        "tent": 48,
        "trashbag": 49,
        "wall": 50,
        "waterpipe": 51,
        "watertank": 52,
        "wheel": 53,
        "windowairconditioner": 54,
        "windowgrill": 55,
        "windows": 56,
        "wires": 57,
        "woodenbeams": 58,
        "woodenboard": 59,
        "woodenbox": 60,
        "woodengates": 61,
        "woodenpallet": 62,
        "woodenshield": 63
    }
}
