{
    "name_map": {
        "airconditioner": 6,
        "babybed": 191,
        "ball": 72,
        "bathproduct": 64,
        "bathroomsink": 59,
        "bathtub": 36,
        "beanbag": 195,
        "bed": 27,
        "bedsidetable": 180,
        "blinds": 199,
        "book": 239,
        "bookset": 146,
        "box": 23,
        "brush": 160,
        "building": 116,
        "bunny": 9,
        "cabinet": 8,
        "cabinets": 28,
        "calculator": 65,
        "candle": 70,
        "carpet": 143,
        "ceiling": 171,
        "cellphone": 7,
        "chair": 161,
        "changingdresser": 60,
        "clock": 208,
        "closetdoor": 188,
        "clothesbasket": 205,
        "clothesrail": 157,
        "coffeemachine": 123,
        "coffeetable": 69,
        "cookerhood": 132,
        "cookerstove": 175,
        "cup": 87,
        "curtain": 242,
        "cuttingboard": 1,
        "desk": 229,
        "diningcupboard": 244,
        "diningtable": 49,
        "door": 214,
        "doorframe": 129,
        "doormat": 106,
        "dresser": 90,
        "dryermachine": 48,
        "dvd": 74,
        "dvdset": 238,
        "electricmeter": 109,
        "fireplace": 34,
        "floor": 31,
        "foldedjeans": 125,
        "fork": 33,
        "garagedoor": 119,
        "ground": 115,
        "guitaracoustic": 200,
        "guitarmount": 92,
        "hallwaydresser": 16,
        "kitchenborder": 241,
        "knife": 155,
        "knifestand": 182,
        "lamp": 44,
        "lantern": 133,
        "laptop": 29,
        "lightswitch": 192,
        "loftbed": 104,
        "magnet": 219,
        "marker": 217,
        "microwaveoven": 130,
        "notebook": 204,
        "notebookstack": 75,
        "outlet": 250,
        "paddedbench": 24,
        "pen": 17,
        "pencil": 236,
        "pencilcase": 88,
        "photoframe": 110,
        "picture": 35,
        "plant": 93,
        "plate": 42,
        "redrobe": 148,
        "refrigerator": 111,
        "roundstand": 174,
        "ruler": 240,
        "safe": 144,
        "scissors": 67,
        "shampoobottle": 149,
        "shelf": 141,
        "sky": 85,
        "soap": 108,
        "sofa": 254,
        "spoon": 30,
        "stairs": 243,
        "stickers": 253,
        "storagetub": 76,
        "teapot": 216,
        "toaster": 102,
        "toilet": 71,
        "toiletpaper": 193,
        "toothbrush": 164,
        "toothpaste": 120,
        "towelhanger": 231,
        "tv": 97,
        "tvremote": 145,
        "tvshelf": 21,
        "tvstand": 101,
        "vanitytable": 13,
        "vase": 147,
        "vent": 181,
        "wall": 126,
        "walls": 32,
        "washermachine": 99,
        "whiteboard": 153,
        "window": 100,
        "wooddeck": 227,
        "woodenblock": 187
    }
}