{
    "name_map": {
        "airconditioner": 1,
        "babybed": 2,
        "ball": 3,
        "bathproduct": 4,
        "bathroomsink": 5,
        "bathtub": 6,
        "beanbag": 7,
        "bed": 8,
        "bedsidetable": 9,
        "blinds": 10,
        "book": 11,
        "bookset": 12,
        "box": 13,
        "brush": 14,
        "building": 15,
        "bunny": 16,
        "cabinet": 17,
        "cabinets": 18,
        "calculator": 19,
        "candle": 20,
        "carpet": 21,
        "ceiling": 22,
        "cellphone": 23,
        "chair": 24,
        "changingdresser": 25,
        "clock": 26,
        "closetdoor": 27,
        "clothesbasket": 28,
        "clothesrail": 29,
        "coffeemachine": 30,
        "coffeetable": 31,
        "cookerhood": 32,
        "cookerstove": 33,
        "cup": 34,
        "curtain": 35,
        "cuttingboard": 36,
        "desk": 37,
        "diningcupboard": 38,
        "diningtable": 39,
        "door": 40,
        "doorframe": 41,
        "doormat": 42,
        "dresser": 43,
        "dryermachine": 44,
        "dvd": 45,
        "dvdset": 46,
        "electricmeter": 47,
        "fireplace": 48,
        "floor": 49,
        "foldedjeans": 50,
        "fork": 51,
        "garagedoor": 52,
        "ground": 53,
        "guitaracoustic": 54,
        "guitarmount": 55,
        "hallwaydresser": 56,
        "kitchenborder": 57,
        "knife": 58,
        "knifestand": 59,
        "lamp": 60,
        "lantern": 61,
        "laptop": 62,
        "lightswitch": 63,
        "loftbed": 64,
        "magnet": 65,
        "marker": 66,
        "microwaveoven": 67,
        "notebook": 68,
        "notebookstack": 69,
        "outlet": 70,
        "paddedbench": 71,
        "pen": 72,
        "pencil": 73,
        "pencilcase": 74,
        "photoframe": 75,
        "picture": 76,
        "plant": 77,
        "plate": 78,
        "redrobe": 79,
        "refrigerator": 80,
        "roundstand": 81,
        "ruler": 82,
        "safe": 83,
        "scissors": 84,
        "shampoobottle": 85,
        "shelf": 86,
        "sky": 87,
        "soap": 88,
        "sofa": 89,
        "spoon": 90,
        "stairs": 91,
        "stickers": 92,
        "storagetub": 93,
        "teapot": 94,
        "toaster": 95,
        "toilet": 96,
        "toiletpaper": 97,
        "toothbrush": 98,
        "toothpaste": 99,
        "towelhanger": 100,
        "tv": 101,
        "tvremote": 102,
        "tvshelf": 103,
        "tvstand": 104,
        "vanitytable": 105,
        "vase": 106,
        "vent": 107,
        "wall": 108,
        "walls": 109,
        "washermachine": 110,
        "whiteboard": 111,
        "window": 112,
        "wooddeck": 113,
        "woodenblock": 114
    }
}
