{
    "name_map": {
        "amplifier": 6,
        "artbird": 191,
        "barbeque": 72,
        "barrel": 64,
        "basin": 59,
        "basinbase": 36,
        "bathtub": 195,
        "bathtubrail": 27,
        "bed": 180,
        "bedspread": 199,
        "bench": 239,
        "blinds": 146,
        "boatcovered": 23,
        "book": 160,
        "bookshelf": 116,
        "bp": 9,
        "bread": 8,
        "breadbox": 28,
        "building": 65,
        "cabinet": 70,
        "candleholder": 143,
        "carpet": 171,
        "cassette": 7,
        "ceiling": 161,
        "ceilinglight": 60,
        "chair": 208,
        "childactor": 188,
        "coatrack": 205,
        "coffeegrinder": 157,
        "cookingpot": 123,
        "cookingpotlid": 69,
        "couch": 132,
        "crucifix": 175,
        "cup": 87,
        "curtain": 242,
        "cuttingboard": 1,
        "dehumidifier": 229,
        "doily": 244,
        "door": 49,
        "drawer": 214,
        "electricbox": 129,
        "fence": 106,
        "fencecolumn": 90,
        "flowerpot": 48,
        "flowerpottray": 74,
        "foldingscreen": 238,
        "gasmeter": 109,
        "gate": 34,
        "glassbottle": 31,
        "glasscup": 125,
        "grass": 33,
        "grater": 119,
        "ground": 115,
        "handsink": 200,
        "heater": 92,
        "houselight": 16,
        "ivy": 241,
        "jar": 155,
        "knight": 182,
        "ladle": 44,
        "lamp": 133,
        "lightbulb": 29,
        "lightswitch": 192,
        "magazine": 104,
        "mailbox": 219,
        "microwave": 217,
        "mirror": 130,
        "oar": 204,
        "oven": 75,
        "painting": 250,
        "piano": 24,
        "pianostool": 17,
        "pictureframe": 236,
        "pillow": 88,
        "pitcher": 110,
        "plant": 35,
        "plate": 93,
        "pokercase": 42,
        "pokerchip": 148,
        "pokerdeck": 111,
        "potatomasher": 174,
        "receiver": 240,
        "refrigerator": 144,
        "rollingpin": 67,
        "rug": 149,
        "saucespoon": 141,
        "scale": 85,
        "shelf": 108,
        "skimmer": 254,
        "sky": 30,
        "soap": 243,
        "soapdish": 253,
        "spaghettiserver": 76,
        "speaker": 216,
        "stairs": 102,
        "suitcase": 71,
        "table": 193,
        "tardis": 164,
        "telephone": 120,
        "toilet": 231,
        "toiletbrush": 97,
        "toiletpaper": 145,
        "toothbrush": 21,
        "towel": 101,
        "towelrail": 13,
        "trashcan": 147,
        "tray": 181,
        "turntable": 126,
        "tv": 32,
        "utensilholder": 99,
        "vase": 153,
        "vinylrecords": 100,
        "wallclock": 227,
        "walllight": 187,
        "washingmachine": 215,
        "woodenplank": 66
    }
}