{
    "name_map": {
        "amplifier": 1,
        "artbird": 2,
        "barbeque": 3,
        "barrel": 4,
        "basin": 5,
        "basinbase": 6,
        "bathtub": 7,
        "bathtubrail": 8,
        "bed": 9,
        "bedspread": 10,
        "bench": 11,
        "blinds": 12,
        "boatcovered": 13,
        "book": 14,
        "bookshelf": 15,
        "bp": 16,
        "bread": 17,
        "breadbox": 18,
        "building": 19,
        "cabinet": 20,
        "candleholder": 21,
        "carpet": 22,
        "cassette": 23,
        "ceiling": 24,
        "ceilinglight": 25,
        "chair": 26,
        "childactor": 27,
        "coatrack": 28,
        "coffeegrinder": 29,
        "cookingpot": 30,
        "cookingpotlid": 31,
        "couch": 32,
        "crucifix": 33,
        "cup": 34,
        "curtain": 35,
        "cuttingboard": 36,
        "dehumidifier": 37,
        "doily": 38,
        "door": 39,
        "drawer": 40,
        "electricbox": 41,
        "fence": 42,
        "fencecolumn": 43,
        "flowerpot": 44,
        "flowerpottray": 45,
        "foldingscreen": 46,
        "gasmeter": 47,
        "gate": 48,
        "glassbottle": 49,
        "glasscup": 50,
        "grass": 51,
        "grater": 52,
        "ground": 53,
        "handsink": 54,
        "heater": 55,
        "houselight": 56,
        "ivy": 57,
        "jar": 58,
        "knight": 59,
        "ladle": 60,
        "lamp": 61,
        "lightbulb": 62,
        "lightswitch": 63,
        "magazine": 64,
        "mailbox": 65,
        "microwave": 66,
        "mirror": 67,
        "oar": 68,
        "oven": 69,
        "painting": 70,
        "piano": 71,
        "pianostool": 72,
        "pictureframe": 73,
        "pillow": 74,
        "pitcher": 75,
        "plant": 76,
        "plate": 77,
        "pokercase": 78,
        "pokerchip": 79,
        "pokerdeck": 80,
        "potatomasher": 81,
        "receiver": 82,
        "refrigerator": 83,
        "rollingpin": 84,
        "rug": 85,
        "saucespoon": 86,
        "scale": 87,
        "shelf": 88,
        "skimmer": 89,
        "sky": 90,
        "soap": 91,
        "soapdish": 92,
        "spaghettiserver": 93,
        "speaker": 94,
        "stairs": 95,
        "suitcase": 96,
        "table": 97,
        "tardis": 98,
        "telephone": 99,
        "toilet": 100,
        "toiletbrush": 101,
        "toiletpaper": 102,
        "toothbrush": 103,
        "towel": 104,
        "towelrail": 105,
        "trashcan": 106,
        "tray": 107,
        "turntable": 108,
        "tv": 109,
        "utensilholder": 110,
        "vase": 111,
        "vinylrecords": 112,
        "wallclock": 113,
        "walllight": 114,
        "washingmachine": 115,
        "woodenplank": 116
    }
}
