{
    "name_map": {
        "awning": 1,
        "banner": 2,
        "bench": 3,
        "bikerack": 4,
        "building": 5,
        "bush": 6,
        "ceiling": 7,
        "chainlinkpost": 8,
        "chair": 9,
        "firehydrant": 10,
        "floor": 11,
        "garbage": 12,
        "ground": 13,
        "leaves": 14,
        "light": 15,
        "metalbars": 16,
        "pipe": 17,
        "planter": 18,
        "powerline": 19,
        "railing": 20,
        "roof": 21,
        "sidewalk": 22,
        "sign": 23,
        "steps": 24,
        "storesign": 25,
        "storesignsground": 26,
        "table": 27,
        "tramlines": 28,
        "tree": 29,
        "wall": 30,
        "z": 31
    }
}
