{
    "name_map": {
        "barrel": 1,
        "beam": 2,
        "bench": 3,
        "bird": 4,
        "door": 5,
        "fence": 6,
        "flaps": 7,
        "ground": 8,
        "icicles": 9,
        "instancedfoliageactor": 10,
        "light": 11,
        "meats": 12,
        "pallet": 13,
        "pipe": 14,
        "radiator": 15,
        "rig": 16,
        "road": 17,
        "roof": 18,
        "sink": 19,
        "sky": 20,
        "skysphere": 21,
        "sun": 22,
        "table": 23,
        "tree": 24,
        "trees": 25,
        "wall": 26,
        "windows": 27,
        "wire": 28,
        "wood": 29,
        "z": 30
    }
}
