{
    "name_map": {
        "barrel": 6,
        "beam": 191,
        "bench": 72,
        "bird": 64,
        "door": 59,
        "fence": 36,
        "flaps": 195,
        "ground": 27,
        "icicles": 180,
        "instancedfoliageactor": 199,
        "light": 239,
        "meats": 146,
        "pallet": 23,
        "pipe": 160,
        "radiator": 116,
        "rig": 9,
        "road": 8,
        "roof": 28,
        "sink": 65,
        "sky": 70,
        "skysphere": 143,
        "sun": 171,
        "table": 7,
        "tree": 161,
        "trees": 60,
        "wall": 208,
        "windows": 188,
        "wire": 205,
        "wood": 157,
        "z": 123
    }
}