{
    "name_map": {
        "apple": 1,
        "axe": 2,
        "bag": 3,
        "barrel": 4,
        "basket": 5,
        "bench": 6,
        "boat": 7,
        "book": 8,
        "box": 9,
        "bucket": 10,
        "building": 11,
        "bush": 12,
        "cart": 13,
        "cellardoors": 14,
        "chain": 15,
        "cheese": 16,
        "chest": 17,
        "chimney": 18,
        "crow": 19,
        "damwall": 20,
        "dish": 21,
        "door": 22,
        "doorway": 23,
        "drain": 24,
        "drainpipe": 25,
        "drainpipebrace": 26,
        "fence": 27,
        "fish": 28,
        "flower": 29,
        "grass": 30,
        "ground": 31,
        "gutter": 32,
        "hammer": 33,
        "ladder": 34,
        "lamp": 35,
        "lightpost": 36,
        "linen": 37,
        "log": 38,
        "mountain": 39,
        "mushroom": 40,
        "net": 41,
        "oar": 42,
        "outhouse": 43,
        "outhousedoor": 44,
        "piling": 45,
        "pillar": 46,
        "plank": 47,
        "pot": 48,
        "pumpkin": 49,
        "rail": 50,
        "rock": 51,
        "rockcliff": 52,
        "roof": 53,
        "rope": 54,
        "saw": 55,
        "scarecrow": 56,
        "sheet": 57,
        "shovel": 58,
        "sky": 59,
        "stairs": 60,
        "stone": 61,
        "stonearch": 62,
        "stonefloor": 63,
        "supportplank": 64,
        "table": 65,
        "tower": 66,
        "tree": 67,
        "tub": 68,
        "vane": 69,
        "vanebase": 70,
        "wall": 71,
        "wallbrace": 72,
        "washboard": 73,
        "water": 74,
        "waterwheel": 75,
        "waterwhell2": 76,
        "waterwhell5": 77,
        "well": 78,
        "wheel": 79,
        "window": 80,
        "windowshutters": 81,
        "woodenplatform": 82
    }
}
