{
    "name_map": {
        "apple": 6,
        "axe": 191,
        "bag": 72,
        "barrel": 64,
        "basket": 59,
        "bench": 36,
        "boat": 195,
        "book": 27,
        "box": 180,
        "bucket": 199,
        "building": 239,
        "bush": 146,
        "cart": 23,
        "cellardoors": 160,
        "chain": 116,
        "cheese": 9,
        "chest": 8,
        "chimney": 28,
        "crow": 65,
        "damwall": 70,
        "dish": 143,
        "door": 171,
        "doorway": 7,
        "drain": 161,
        "drainpipe": 60,
        "drainpipebrace": 208,
        "fence": 188,
        "fish": 205,
        "flower": 157,
        "grass": 123,
        "ground": 69,
        "gutter": 132,
        "hammer": 175,
        "ladder": 87,
        "lamp": 242,
        "lightpost": 1,
        "linen": 229,
        "log": 244,
        "mountain": 49,
        "mushroom": 214,
        "net": 129,
        "oar": 106,
        "outhouse": 90,
        "outhousedoor": 48,
        "piling": 74,
        "pillar": 238,
        "plank": 109,
        "pot": 34,
        "pumpkin": 31,
        "rail": 125,
        "rock": 33,
        "rockcliff": 119,
        "roof": 115,
        "rope": 200,
        "saw": 92,
        "scarecrow": 16,
        "sheet": 241,
        "shovel": 155,
        "sky": 182,
        "stairs": 44,
        "stone": 133,
        "stonearch": 29,
        "stonefloor": 192,
        "supportplank": 104,
        "table": 219,
        "tower": 217,
        "tree": 130,
        "tub": 204,
        "vane": 75,
        "vanebase": 250,
        "wall": 24,
        "wallbrace": 17,
        "washboard": 236,
        "water": 88,
        "waterwheel": 110,
        "waterwhell2": 35,
        "waterwhell5": 93,
        "well": 42,
        "wheel": 148,
        "window": 111,
        "windowshutters": 174,
        "woodenplatform": 240
    }
}