{
    "name_map": {
        "boat": 1,
        "bollard": 2,
        "broom": 3,
        "building": 4,
        "buildingstructure": 5,
        "chain": 6,
        "chimney": 7,
        "cloth": 8,
        "coalpile": 9,
        "column": 10,
        "compplantsgrasspaperplank": 11,
        "cornice": 12,
        "crane": 13,
        "cranebase": 14,
        "craneplate": 15,
        "door": 16,
        "doorframe": 17,
        "electricpole": 18,
        "floor": 19,
        "floorpanel": 20,
        "furnace": 21,
        "gear": 22,
        "gears": 23,
        "ground": 24,
        "groundcobblestone": 25,
        "ladder": 26,
        "loadplatform": 27,
        "machinerystone": 28,
        "manholecover": 29,
        "metalbeam": 30,
        "metalbox": 31,
        "metalrailing": 32,
        "pipe": 33,
        "propeller": 34,
        "pulley": 35,
        "pulleyhook": 36,
        "railcar": 37,
        "railcarbase": 38,
        "railcarcontainer": 39,
        "railway": 40,
        "roof": 41,
        "rope": 42,
        "ship": 43,
        "shipconstruction": 44,
        "shipconstructionpiece": 45,
        "sign": 46,
        "silo": 47,
        "sky": 48,
        "spiralstairs": 49,
        "stairs": 50,
        "stonebase": 51,
        "stonedebris": 52,
        "streetlight": 53,
        "truss": 54,
        "wall": 55,
        "waterplane": 56,
        "watertank": 57,
        "watertower": 58,
        "wheelbarrow": 59,
        "window": 60,
        "woodenbarrel": 61,
        "woodenbarrelstack": 62,
        "woodenbeam": 63,
        "woodenbrace": 64,
        "woodenchest": 65,
        "woodencrate": 66,
        "woodenpallet": 67,
        "woodenplatform": 68,
        "woodenpost": 69,
        "woodenrailing": 70,
        "woodenscaffolding": 71,
        "woodensupportstructure": 72,
        "woodpile": 73,
        "woodroofframe": 74,
        "woodwall": 75
    }
}
