{
    "name_map": {
        "boat": 6,
        "bollard": 191,
        "broom": 72,
        "building": 64,
        "buildingstructure": 59,
        "chain": 36,
        "chimney": 195,
        "cloth": 27,
        "coalpile": 180,
        "column": 199,
        "compplantsgrasspaperplank": 239,
        "cornice": 146,
        "crane": 23,
        "cranebase": 160,
        "craneplate": 116,
        "door": 9,
        "doorframe": 8,
        "electricpole": 28,
        "floor": 65,
        "floorpanel": 70,
        "furnace": 143,
        "gear": 171,
        "gears": 7,
        "ground": 161,
        "groundcobblestone": 60,
        "ladder": 208,
        "loadplatform": 188,
        "machinerystone": 205,
        "manholecover": 157,
        "metalbeam": 123,
        "metalbox": 69,
        "metalrailing": 132,
        "pipe": 175,
        "propeller": 87,
        "pulley": 242,
        "pulleyhook": 1,
        "railcar": 229,
        "railcarbase": 244,
        "railcarcontainer": 49,
        "railway": 214,
        "roof": 129,
        "rope": 106,
        "ship": 90,
        "shipconstruction": 48,
        "shipconstructionpiece": 74,
        "sign": 238,
        "silo": 109,
        "sky": 34,
        "spiralstairs": 31,
        "stairs": 125,
        "stonebase": 33,
        "stonedebris": 119,
        "streetlight": 115,
        "truss": 200,
        "wall": 92,
        "waterplane": 16,
        "watertank": 241,
        "watertower": 155,
        "wheelbarrow": 182,
        "window": 44,
        "woodenbarrel": 133,
        "woodenbarrelstack": 29,
        "woodenbeam": 192,
        "woodenbrace": 104,
        "woodenchest": 219,
        "woodencrate": 217,
        "woodenpallet": 130,
        "woodenplatform": 204,
        "woodenpost": 75,
        "woodenrailing": 250,
        "woodenscaffolding": 24,
        "woodensupportstructure": 17,
        "woodpile": 236,
        "woodroofframe": 88,
        "woodwall": 110
    }
}