{
    "name_map": {
        "awning": 1,
        "ballracks": 2,
        "banner": 3,
        "basketball": 4,
        "basketballbackboard": 5,
        "basketballbackboardmount": 6,
        "basketballbackboardstansion": 7,
        "basketballnet": 8,
        "bell": 9,
        "bench": 10,
        "binderclip": 11,
        "blackboard": 12,
        "bleachers": 13,
        "bleachersframe": 14,
        "bleachersplank": 15,
        "blinds": 16,
        "book": 17,
        "bookcase": 18,
        "bush": 19,
        "cabinet": 20,
        "cable": 21,
        "cardboardbox": 22,
        "cardcatalog": 23,
        "ceiling": 24,
        "chair": 25,
        "clock": 26,
        "cobweb": 27,
        "column": 28,
        "concretedebris": 29,
        "desk": 30,
        "desklamp": 31,
        "divider": 32,
        "door": 33,
        "doorframe": 34,
        "drainpipe": 35,
        "electricalbox": 36,
        "electricaloutlet": 37,
        "fence": 38,
        "fencecolumn": 39,
        "fireextinguisher": 40,
        "flag": 41,
        "flashlight": 42,
        "floor": 43,
        "floorbasketballmarkings": 44,
        "floordirt": 45,
        "floorsign": 46,
        "folder": 47,
        "gate": 48,
        "glassdebris": 49,
        "globe": 50,
        "groundbasketballmarking": 51,
        "grounddirt": 52,
        "gutter": 53,
        "instancedfoliageactor": 54,
        "lamp": 55,
        "landscape": 56,
        "leaf": 57,
        "leaksdecal": 58,
        "lightswitch": 59,
        "locker": 60,
        "loudspeaker": 61,
        "map": 62,
        "metalbeam": 63,
        "mirror": 64,
        "mop": 65,
        "mopbucket": 66,
        "notebook": 67,
        "paper": 68,
        "paperclips": 69,
        "paperpocket": 70,
        "pen": 71,
        "pencil": 72,
        "pencilholder": 73,
        "pictureframe": 74,
        "plant": 75,
        "podium": 76,
        "restroomstall": 77,
        "rock": 78,
        "roof": 79,
        "ruler": 80,
        "scoreboard": 81,
        "sign": 82,
        "sink": 83,
        "sky": 84,
        "sm": 85,
        "spotsdecal": 86,
        "sprinkler": 87,
        "sprinklerpipe": 88,
        "sprinklerpipemount": 89,
        "stairs": 90,
        "stepladder": 91,
        "streetlight": 92,
        "studentdesk": 93,
        "table": 94,
        "telephone": 95,
        "toilet": 96,
        "toiletpaperholder": 97,
        "toiletseat": 98,
        "towel": 99,
        "trashcan": 100,
        "tree": 101,
        "urinal": 102,
        "vent": 103,
        "ventduct": 104,
        "wall": 105,
        "walldirt": 106,
        "wallexposedbrick": 107,
        "wallexposedplaster": 108,
        "wallpilaster": 109,
        "windowglass": 110,
        "woodenboard": 111
    }
}
