{
    "name_map": {
        "awning": 6,
        "ballracks": 191,
        "banner": 72,
        "basketball": 64,
        "basketballbackboard": 59,
        "basketballbackboardmount": 36,
        "basketballbackboardstansion": 195,
        "basketballnet": 27,
        "bell": 180,
        "bench": 199,
        "binderclip": 239,
        "blackboard": 146,
        "bleachers": 23,
        "bleachersframe": 160,
        "bleachersplank": 116,
        "blinds": 9,
        "book": 8,
        "bookcase": 28,
        "bush": 65,
        "cabinet": 70,
        "cable": 143,
        "cardboardbox": 171,
        "cardcatalog": 7,
        "ceiling": 161,
        "chair": 60,
        "clock": 208,
        "cobweb": 188,
        "column": 205,
        "concretedebris": 157,
        "desk": 123,
        "desklamp": 69,
        "divider": 132,
        "door": 175,
        "doorframe": 87,
        "drainpipe": 242,
        "electricalbox": 1,
        "electricaloutlet": 229,
        "fence": 244,
        "fencecolumn": 49,
        "fireextinguisher": 214,
        "flag": 129,
        "flashlight": 106,
        "floor": 90,
        "floorbasketballmarkings": 48,
        "floordirt": 74,
        "floorsign": 238,
        "folder": 109,
        "gate": 34,
        "glassdebris": 31,
        "globe": 125,
        "groundbasketballmarking": 33,
        "grounddirt": 119,
        "gutter": 115,
        "instancedfoliageactor": 200,
        "lamp": 92,
        "landscape": 16,
        "leaf": 241,
        "leaksdecal": 155,
        "lightswitch": 182,
        "locker": 44,
        "loudspeaker": 133,
        "map": 29,
        "metalbeam": 192,
        "mirror": 104,
        "mop": 219,
        "mopbucket": 217,
        "notebook": 130,
        "paper": 204,
        "paperclips": 75,
        "paperpocket": 250,
        "pen": 24,
        "pencil": 17,
        "pencilholder": 236,
        "pictureframe": 88,
        "plant": 110,
        "podium": 35,
        "restroomstall": 93,
        "rock": 42,
        "roof": 148,
        "ruler": 111,
        "scoreboard": 174,
        "sign": 240,
        "sink": 144,
        "sky": 67,
        "sm": 149,
        "spotsdecal": 141,
        "sprinkler": 85,
        "sprinklerpipe": 108,
        "sprinklerpipemount": 254,
        "stairs": 30,
        "stepladder": 243,
        "streetlight": 253,
        "studentdesk": 76,
        "table": 216,
        "telephone": 102,
        "toilet": 71,
        "toiletpaperholder": 193,
        "toiletseat": 164,
        "towel": 120,
        "trashcan": 231,
        "tree": 97,
        "urinal": 145,
        "vent": 21,
        "ventduct": 101,
        "wall": 13,
        "walldirt": 147,
        "wallexposedbrick": 181,
        "wallexposedplaster": 126,
        "wallpilaster": 32,
        "windowglass": 99,
        "woodenboard": 153
    }
}