{
    "name_map": {
        "aerosolcan": 6,
        "apples": 191,
        "bakerycounter": 72,
        "bakerycounterdoor": 64,
        "bakerypicture": 59,
        "bakeryrack": 36,
        "bakerystand": 195,
        "banana": 27,
        "bannersign": 180,
        "beerbottle": 199,
        "bench": 239,
        "bleach": 146,
        "bollard": 23,
        "boxedfood": 160,
        "boxedlaundrydetergent": 116,
        "breadbaguette": 9,
        "breadshelf": 8,
        "brothcarton": 28,
        "building": 65,
        "cabletray": 70,
        "cake": 143,
        "caketray": 171,
        "cameraactor": 7,
        "cannedfood": 161,
        "cashregister": 60,
        "chairs": 208,
        "checkoutcounter": 188,
        "chipscylinder": 205,
        "chipspackaged": 157,
        "cleaningbucket": 123,
        "cleaningcart": 69,
        "cleaningpowder": 132,
        "coffeepackaged": 175,
        "cookies": 87,
        "cookingoil": 242,
        "creamcheese": 1,
        "cucumbers": 229,
        "curtain": 244,
        "decorativecookiebox": 49,
        "diapers": 214,
        "donuts": 129,
        "door": 106,
        "doorframe": 90,
        "eggcarton": 48,
        "emptysausagebox": 74,
        "exposedbeam": 238,
        "fabricsoftener": 109,
        "fabricsoftner": 34,
        "fireextinguisher": 31,
        "fireextinguisherholder": 125,
        "floorrug": 33,
        "floorstand": 119,
        "fluorescentlight": 115,
        "foilballoon": 200,
        "frozenfoodbagged": 92,
        "frozenfoodboxed": 16,
        "fruitcrate": 241,
        "fryingoil": 155,
        "ground": 182,
        "handsoap": 44,
        "handtruck": 133,
        "hedge": 29,
        "hotdoglinks": 192,
        "icecream": 104,
        "icecreamtray": 219,
        "jamjar": 217,
        "juicejug": 130,
        "ladder": 204,
        "lamppost": 75,
        "lamppostbanner": 250,
        "laundrydetergentliquid": 24,
        "light": 17,
        "lightbulbstring": 236,
        "lighttruss": 88,
        "meatchub": 110,
        "meatrefrigerator": 35,
        "milkbottle": 93,
        "milkcarton": 42,
        "milkjug": 148,
        "mop": 111,
        "oranges": 174,
        "packagedfood": 240,
        "packagedmeat": 144,
        "painting": 67,
        "papertowels": 149,
        "perimeterwall": 141,
        "petfoodbagged": 85,
        "petfoodboxed": 108,
        "petfoodcanned": 254,
        "petfoodtin": 30,
        "petfoodtub": 243,
        "pipe": 253,
        "plant": 76,
        "planter": 216,
        "pointofsale": 102,
        "potato": 71,
        "rail": 193,
        "railgate": 164,
        "railgatebase": 120,
        "refrigeratedcase": 231,
        "rollupdoor": 97,
        "sanitarypad": 145,
        "saucebottle": 21,
        "shampoo": 101,
        "shelf": 13,
        "shoppingbags": 147,
        "shoppingcart": 181,
        "sidewalk": 126,
        "sign": 32,
        "soapdispenser": 99,
        "sodabottle": 153,
        "spraybottle": 100,
        "staticmeshactor": 227,
        "steeltray": 187,
        "storagerack": 215,
        "sunscreen": 66,
        "teaboxed": 134,
        "tissuebox": 63,
        "toilet": 127,
        "toiletcleaner": 137,
        "toiletpaper": 211,
        "toiletstall": 201,
        "toothpaste": 183,
        "trashcan": 113,
        "vendingmachine": 68,
        "walllight": 249,
        "wallrefrigerator": 46,
        "wallrefrigeratordoor": 20,
        "washingsink": 224,
        "watermelon": 26,
        "winebottle": 43,
        "woodenbox": 172,
        "woodenpallet": 47,
        "woodenstand": 218,
        "yogurtcontainer": 189,
        "z": 122
    }
}