{
    "name_map": {
        "aerosolcan": 1,
        "apples": 2,
        "bakerycounter": 3,
        "bakerycounterdoor": 4,
        "bakerypicture": 5,
        "bakeryrack": 6,
        "bakerystand": 7,
        "banana": 8,
        "bannersign": 9,
        "beerbottle": 10,
        "bench": 11,
        "bleach": 12,
        "bollard": 13,
        "boxedfood": 14,
        "boxedlaundrydetergent": 15,
        "breadbaguette": 16,
        "breadshelf": 17,
        "brothcarton": 18,
        "building": 19,
        "cabletray": 20,
        "cake": 21,
        "caketray": 22,
        "cameraactor": 23,
        "cannedfood": 24,
        "cashregister": 25,
        "chairs": 26,
        "checkoutcounter": 27,
        "chipscylinder": 28,
        "chipspackaged": 29,
        "cleaningbucket": 30,
        "cleaningcart": 31,
        "cleaningpowder": 32,
        "coffeepackaged": 33,
        "cookies": 34,
        "cookingoil": 35,
        "creamcheese": 36,
        "cucumbers": 37,
        "curtain": 38,
        "decorativecookiebox": 39,
        "diapers": 40,
        "donuts": 41,
        "door": 42,
        "doorframe": 43,
        "eggcarton": 44,
        "emptysausagebox": 45,
        "exposedbeam": 46,
        "fabricsoftener": 47,
        "fabricsoftner": 48,
        "fireextinguisher": 49,
        "fireextinguisherholder": 50,
        "floorrug": 51,
        "floorstand": 52,
        "fluorescentlight": 53,
        "foilballoon": 54,
        "frozenfoodbagged": 55,
        "frozenfoodboxed": 56,
        "fruitcrate": 57,
        "fryingoil": 58,
        "ground": 59,
        "handsoap": 60,
        "handtruck": 61,
        "hedge": 62,
        "hotdoglinks": 63,
        "icecream": 64,
        "icecreamtray": 65,
        "jamjar": 66,
        "juicejug": 67,
        "ladder": 68,
        "lamppost": 69,
        "lamppostbanner": 70,
        "laundrydetergentliquid": 71,
        "light": 72,
        "lightbulbstring": 73,
        "lighttruss": 74,
        "meatchub": 75,
        "meatrefrigerator": 76,
        "milkbottle": 77,
        "milkcarton": 78,
        "milkjug": 79,
        "mop": 80,
        "oranges": 81,
        "packagedfood": 82,
        "packagedmeat": 83,
        "painting": 84,
        "papertowels": 85,
        "perimeterwall": 86,
        "petfoodbagged": 87,
        "petfoodboxed": 88,
        "petfoodcanned": 89,
        "petfoodtin": 90,
        "petfoodtub": 91,
        "pipe": 92,
        "plant": 93,
        "planter": 94,
        "pointofsale": 95,
        "potato": 96,
        "rail": 97,
        "railgate": 98,
        "railgatebase": 99,
        "refrigeratedcase": 100,
        "rollupdoor": 101,
        "sanitarypad": 102,
        "saucebottle": 103,
        "shampoo": 104,
        "shelf": 105,
        "shoppingbags": 106,
        "shoppingcart": 107,
        "sidewalk": 108,
        "sign": 109,
        "soapdispenser": 110,
        "sodabottle": 111,
        "spraybottle": 112,
        "staticmeshactor": 113,
        "steeltray": 114,
        "storagerack": 115,
        "sunscreen": 116,
        "teaboxed": 117,
        "tissuebox": 118,
        "toilet": 119,
        "toiletcleaner": 120,
        "toiletpaper": 121,
        "toiletstall": 122,
        "toothpaste": 123,
        "trashcan": 124,
        "vendingmachine": 125,
        "walllight": 126,
        "wallrefrigerator": 127,
        "wallrefrigeratordoor": 128,
        "washingsink": 129,
        "watermelon": 130,
        "winebottle": 131,
        "woodenbox": 132,
        "woodenpallet": 133,
        "woodenstand": 134,
        "yogurtcontainer": 135,
        "z": 136
    }
}
