{
    "name_map": {
        "awning": 6,
        "building": 191,
        "buildingtower": 72,
        "bush": 64,
        "ceiling": 59,
        "chain": 36,
        "chainring": 195,
        "cliff": 27,
        "doubledoor": 180,
        "flag": 199,
        "floor": 239,
        "gate": 146,
        "ground": 23,
        "instancedfoliageactor": 160,
        "ivy": 116,
        "ladder": 9,
        "leaf": 8,
        "light": 28,
        "metaldecoration": 65,
        "pillar": 70,
        "rock": 143,
        "roof": 171,
        "sky": 7,
        "stairs": 161,
        "statue": 60,
        "statuebase": 208,
        "stonebase": 188,
        "tree": 205,
        "walkway": 157,
        "wall": 123,
        "windowbars": 69,
        "windowglass": 132,
        "windowslit": 175,
        "woodenbeam": 87,
        "woodenplatform": 242,
        "woodenpost": 1,
        "woodenspike": 229,
        "woodensupport": 244,
        "z": 49
    }
}