{
    "name_map": {
        "awning": 1,
        "building": 2,
        "buildingtower": 3,
        "bush": 4,
        "ceiling": 5,
        "chain": 6,
        "chainring": 7,
        "cliff": 8,
        "doubledoor": 9,
        "flag": 10,
        "floor": 11,
        "gate": 12,
        "ground": 13,
        "instancedfoliageactor": 14,
        "ivy": 15,
        "ladder": 16,
        "leaf": 17,
        "light": 18,
        "metaldecoration": 19,
        "pillar": 20,
        "rock": 21,
        "roof": 22,
        "sky": 23,
        "stairs": 24,
        "statue": 25,
        "statuebase": 26,
        "stonebase": 27,
        "tree": 28,
        "walkway": 29,
        "wall": 30,
        "windowbars": 31,
        "windowglass": 32,
        "windowslit": 33,
        "woodenbeam": 34,
        "woodenplatform": 35,
        "woodenpost": 36,
        "woodenspike": 37,
        "woodensupport": 38,
        "z": 39
    }
}
