{
    "name_map": {
        "atm": 6,
        "awning": 191,
        "beam": 72,
        "bench": 64,
        "building": 59,
        "cable": 36,
        "car": 195,
        "column": 27,
        "fence": 180,
        "floor": 199,
        "floorcrosswalk": 239,
        "generator": 146,
        "grass": 23,
        "lightbars": 160,
        "manhole": 116,
        "neonsign": 9,
        "pillar": 8,
        "pipe": 28,
        "plantholder": 65,
        "pod": 70,
        "post": 143,
        "railing": 171,
        "roadlight": 7,
        "sattelitedish": 161,
        "sidewalk": 60,
        "sidewalklight": 208,
        "sign": 188,
        "sky": 205,
        "stair": 157,
        "streetlight": 123,
        "trashbag": 69,
        "trashcan": 132,
        "tunnel": 175,
        "vent": 87,
        "walkway": 242,
        "wall": 1,
        "wallarch": 229
    }
}