{
    "name_map": {
        "atm": 1,
        "awning": 2,
        "beam": 3,
        "bench": 4,
        "building": 5,
        "cable": 6,
        "car": 7,
        "column": 8,
        "fence": 9,
        "floor": 10,
        "floorcrosswalk": 11,
        "generator": 12,
        "grass": 13,
        "lightbars": 14,
        "manhole": 15,
        "neonsign": 16,
        "pillar": 17,
        "pipe": 18,
        "plantholder": 19,
        "pod": 20,
        "post": 21,
        "railing": 22,
        "roadlight": 23,
        "sattelitedish": 24,
        "sidewalk": 25,
        "sidewalklight": 26,
        "sign": 27,
        "sky": 28,
        "stair": 29,
        "streetlight": 30,
        "trashbag": 31,
        "trashcan": 32,
        "tunnel": 33,
        "vent": 34,
        "walkway": 35,
        "wall": 36,
        "wallarch": 37
    }
}
