{
    "name_map": {
        "cabinet": 6,
        "cable": 191,
        "car": 72,
        "ceiling": 64,
        "cementcolumn": 59,
        "chair": 36,
        "chasis": 195,
        "cieling": 27,
        "door": 180,
        "floor": 199,
        "keyboard": 239,
        "lamp": 146,
        "light": 23,
        "metalcieling": 160,
        "metalfloor": 116,
        "metalhandrail": 9,
        "metalpanel": 8,
        "metalplatform": 28,
        "metalpole": 65,
        "metalramp": 70,
        "metalstair": 143,
        "monitor": 171,
        "pipecover": 7,
        "platform": 161,
        "plug": 60,
        "robotarm": 208,
        "sky": 188,
        "table": 205,
        "tireassembly": 157,
        "toolbox": 123,
        "ventpipe": 69,
        "ventpipeclamp": 132,
        "wall": 175
    }
}