{
    "name_map": {
        "cabinet": 1,
        "cable": 2,
        "car": 3,
        "ceiling": 4,
        "cementcolumn": 5,
        "chair": 6,
        "chasis": 7,
        "cieling": 8,
        "door": 9,
        "floor": 10,
        "keyboard": 11,
        "lamp": 12,
        "light": 13,
        "metalcieling": 14,
        "metalfloor": 15,
        "metalhandrail": 16,
        "metalpanel": 17,
        "metalplatform": 18,
        "metalpole": 19,
        "metalramp": 20,
        "metalstair": 21,
        "monitor": 22,
        "pipecover": 23,
        "platform": 24,
        "plug": 25,
        "robotarm": 26,
        "sky": 27,
        "table": 28,
        "tireassembly": 29,
        "toolbox": 30,
        "ventpipe": 31,
        "ventpipeclamp": 32,
        "wall": 33
    }
}
