{
    "name_map": {
        "anvil": 1,
        "apple": 2,
        "artichoke": 3,
        "awning": 4,
        "barrel": 5,
        "barrellid": 6,
        "bread": 7,
        "bucket": 8,
        "building": 9,
        "burlapsack": 10,
        "cabbage": 11,
        "cart": 12,
        "cask": 13,
        "ceramicbowl": 14,
        "ceramicpot": 15,
        "clothesline": 16,
        "coin": 17,
        "concreteblock": 18,
        "corn": 19,
        "door": 20,
        "fence": 21,
        "gate": 22,
        "gatehinge": 23,
        "grassclump": 24,
        "greenpepper": 25,
        "grindingwheel": 26,
        "ground": 27,
        "groundpavers": 28,
        "groundstones": 29,
        "hammer": 30,
        "ironpot": 31,
        "irontools": 32,
        "ladder": 33,
        "lantern": 34,
        "log": 35,
        "orange": 36,
        "pallet": 37,
        "peach": 38,
        "plants": 39,
        "plate": 40,
        "raisedwoodenfloor": 41,
        "redonion": 42,
        "rocks": 43,
        "roof": 44,
        "scoop": 45,
        "shelf": 46,
        "sky": 47,
        "stairs": 48,
        "straw": 49,
        "strawpile": 50,
        "table": 51,
        "tableshade": 52,
        "tree": 53,
        "wall": 54,
        "wickerbasket": 55,
        "window": 56,
        "woodencrate": 57,
        "woodencratelid": 58,
        "woodpost": 59,
        "z": 60
    }
}
