{
    "name_map": {
        "anvil": 6,
        "apple": 191,
        "artichoke": 72,
        "awning": 64,
        "barrel": 59,
        "barrellid": 36,
        "bread": 195,
        "bucket": 27,
        "building": 180,
        "burlapsack": 199,
        "cabbage": 239,
        "cart": 146,
        "cask": 23,
        "ceramicbowl": 160,
        "ceramicpot": 116,
        "clothesline": 9,
        "coin": 8,
        "concreteblock": 28,
        "corn": 65,
        "door": 70,
        "fence": 143,
        "gate": 171,
        "gatehinge": 7,
        "grassclump": 161,
        "greenpepper": 60,
        "grindingwheel": 208,
        "ground": 188,
        "groundpavers": 205,
        "groundstones": 157,
        "hammer": 123,
        "ironpot": 69,
        "irontools": 132,
        "ladder": 175,
        "lantern": 87,
        "log": 242,
        "orange": 1,
        "pallet": 229,
        "peach": 244,
        "plants": 49,
        "plate": 214,
        "raisedwoodenfloor": 129,
        "redonion": 106,
        "rocks": 90,
        "roof": 48,
        "scoop": 74,
        "shelf": 238,
        "sky": 109,
        "stairs": 34,
        "straw": 31,
        "strawpile": 125,
        "table": 33,
        "tableshade": 119,
        "tree": 115,
        "wall": 200,
        "wickerbasket": 92,
        "window": 16,
        "woodencrate": 241,
        "woodencratelid": 155,
        "woodpost": 182,
        "z": 44
    }
}