{
    "name_map": {
        "brickpile": 6,
        "bricks": 191,
        "buildingtunnel": 72,
        "cable": 64,
        "ceiling": 59,
        "ceilinglight": 36,
        "clamp": 195,
        "dirt": 27,
        "door": 180,
        "electricalbox": 199,
        "floor": 239,
        "gate": 146,
        "guage": 23,
        "ladder": 160,
        "largeconduit": 116,
        "leaves": 9,
        "pipe": 8,
        "pipeend": 28,
        "pipeframe": 65,
        "pipehanger": 70,
        "piperailing": 143,
        "railing": 171,
        "rat": 7,
        "rock": 161,
        "seweragepipe03": 60,
        "seweragepipe04": 208,
        "seweragepipe05": 188,
        "seweragepipe6": 205,
        "sewergrate": 157,
        "sewerpipe": 123,
        "stairs": 69,
        "supportarch": 132,
        "supportcolumn": 175,
        "tunnellamp": 87,
        "valve": 242,
        "valvehandle": 1,
        "walkway": 229,
        "wall": 244,
        "wallarchway": 49,
        "water": 214,
        "wire": 129
    }
}