{
    "name_map": {
        "brickpile": 1,
        "bricks": 2,
        "buildingtunnel": 3,
        "cable": 4,
        "ceiling": 5,
        "ceilinglight": 6,
        "clamp": 7,
        "dirt": 8,
        "door": 9,
        "electricalbox": 10,
        "floor": 11,
        "gate": 12,
        "guage": 13,
        "ladder": 14,
        "largeconduit": 15,
        "leaves": 16,
        "pipe": 17,
        "pipeend": 18,
        "pipeframe": 19,
        "pipehanger": 20,
        "piperailing": 21,
        "railing": 22,
        "rat": 23,
        "rock": 24,
        "seweragepipe03": 25,
        "seweragepipe04": 26,
        "seweragepipe05": 27,
        "seweragepipe6": 28,
        "sewergrate": 29,
        "sewerpipe": 30,
        "stairs": 31,
        "supportarch": 32,
        "supportcolumn": 33,
        "tunnellamp": 34,
        "valve": 35,
        "valvehandle": 36,
        "walkway": 37,
        "wall": 38,
        "wallarchway": 39,
        "water": 40,
        "wire": 41
    }
}
