{
    "name_map": {
        "antenna": 6,
        "antennae": 191,
        "basketballhoop": 72,
        "bed": 64,
        "bench": 59,
        "bleachers": 36,
        "board": 195,
        "building": 27,
        "cage": 180,
        "camera": 199,
        "ceiling": 239,
        "ceilingbeam": 146,
        "ceilinglight": 23,
        "chimney": 160,
        "column": 116,
        "door": 9,
        "doorframe": 8,
        "drain": 28,
        "electricalsocket": 65,
        "fence": 70,
        "fireladder": 143,
        "floor": 171,
        "foundation": 7,
        "foundations": 161,
        "fusebox": 60,
        "gate": 208,
        "ground": 188,
        "landscape": 205,
        "lever": 157,
        "leverbase": 123,
        "lightfixture": 69,
        "lightswitch": 132,
        "matress": 175,
        "metalbars": 87,
        "metalcage": 242,
        "metalgrid": 1,
        "metalrailing": 229,
        "mirror": 244,
        "pallet": 49,
        "pipe": 214,
        "plant": 129,
        "radiator": 106,
        "railing": 90,
        "roof": 48,
        "sign": 74,
        "sink": 238,
        "sky": 109,
        "soapbar": 34,
        "soapbox": 31,
        "spotlight": 125,
        "stair": 33,
        "supportbeam": 119,
        "table": 115,
        "toilet": 200,
        "towel": 92,
        "trim": 16,
        "wall": 241,
        "window": 155,
        "wires": 182,
        "wiring": 44,
        "woodboard": 133
    }
}