{
    "name_map": {
        "antenna": 1,
        "antennae": 2,
        "basketballhoop": 3,
        "bed": 4,
        "bench": 5,
        "bleachers": 6,
        "board": 7,
        "building": 8,
        "cage": 9,
        "camera": 10,
        "ceiling": 11,
        "ceilingbeam": 12,
        "ceilinglight": 13,
        "chimney": 14,
        "column": 15,
        "door": 16,
        "doorframe": 17,
        "drain": 18,
        "electricalsocket": 19,
        "fence": 20,
        "fireladder": 21,
        "floor": 22,
        "foundation": 23,
        "foundations": 24,
        "fusebox": 25,
        "gate": 26,
        "ground": 27,
        "landscape": 28,
        "lever": 29,
        "leverbase": 30,
        "lightfixture": 31,
        "lightswitch": 32,
        "matress": 33,
        "metalbars": 34,
        "metalcage": 35,
        "metalgrid": 36,
        "metalrailing": 37,
        "mirror": 38,
        "pallet": 39,
        "pipe": 40,
        "plant": 41,
        "radiator": 42,
        "railing": 43,
        "roof": 44,
        "sign": 45,
        "sink": 46,
        "sky": 47,
        "soapbar": 48,
        "soapbox": 49,
        "spotlight": 50,
        "stair": 51,
        "supportbeam": 52,
        "table": 53,
        "toilet": 54,
        "towel": 55,
        "trim": 56,
        "wall": 57,
        "window": 58,
        "wires": 59,
        "wiring": 60,
        "woodboard": 61
    }
}
