{
    "name_map": {
        "asphaltroller": 6,
        "barrel": 191,
        "barricade": 72,
        "barricadesign": 64,
        "barrier": 59,
        "brush": 36,
        "cablingwinch": 195,
        "cactus": 27,
        "cargocontainer": 180,
        "compcactusplantsgrass": 199,
        "compgrassrocksplants": 239,
        "concretebeam": 146,
        "concretebrick": 23,
        "concretecolumn": 160,
        "concretefloorslab": 116,
        "concretemixbagged": 9,
        "concretemixer": 8,
        "concretepipe": 28,
        "concretestairs": 65,
        "concretewall": 70,
        "constructionelevator": 143,
        "door": 171,
        "doorframe": 7,
        "dumpster": 161,
        "electricalbox": 60,
        "fence": 208,
        "floodlightpole": 188,
        "floodlights": 205,
        "floodlightstand": 157,
        "floodlightstandlights": 123,
        "forklift": 69,
        "frontloader": 132,
        "ground": 175,
        "groundtiretracks": 87,
        "hammer": 242,
        "hose": 1,
        "ladder": 229,
        "log": 244,
        "mobilegenerator": 49,
        "paintcan": 214,
        "pipe": 129,
        "pliers": 106,
        "plywood": 90,
        "portabletoilet": 48,
        "portabletoiletdoor": 74,
        "pylon": 238,
        "radiotower": 109,
        "reinforcingsteelbar": 34,
        "rock": 31,
        "scaffolding": 125,
        "screwdriver": 33,
        "sky": 119,
        "steelbeam": 115,
        "stock": 200,
        "streetsigns": 92,
        "tarp": 16,
        "toolbox": 241,
        "towercrane": 155,
        "trafficbarrel": 182,
        "trafficcone": 44,
        "wall": 133,
        "wastechute": 29,
        "watertank": 192,
        "wheelbarrow": 104,
        "wire": 219,
        "wirespool": 217,
        "woodenbox": 130,
        "woodenpallet": 204,
        "worknench": 75,
        "wrench": 250
    }
}