{
    "name_map": {
        "asphaltroller": 1,
        "barrel": 2,
        "barricade": 3,
        "barricadesign": 4,
        "barrier": 5,
        "brush": 6,
        "cablingwinch": 7,
        "cactus": 8,
        "cargocontainer": 9,
        "compcactusplantsgrass": 10,
        "compgrassrocksplants": 11,
        "concretebeam": 12,
        "concretebrick": 13,
        "concretecolumn": 14,
        "concretefloorslab": 15,
        "concretemixbagged": 16,
        "concretemixer": 17,
        "concretepipe": 18,
        "concretestairs": 19,
        "concretewall": 20,
        "constructionelevator": 21,
        "door": 22,
        "doorframe": 23,
        "dumpster": 24,
        "electricalbox": 25,
        "fence": 26,
        "floodlightpole": 27,
        "floodlights": 28,
        "floodlightstand": 29,
        "floodlightstandlights": 30,
        "forklift": 31,
        "frontloader": 32,
        "ground": 33,
        "groundtiretracks": 34,
        "hammer": 35,
        "hose": 36,
        "ladder": 37,
        "log": 38,
        "mobilegenerator": 39,
        "paintcan": 40,
        "pipe": 41,
        "pliers": 42,
        "plywood": 43,
        "portabletoilet": 44,
        "portabletoiletdoor": 45,
        "pylon": 46,
        "radiotower": 47,
        "reinforcingsteelbar": 48,
        "rock": 49,
        "scaffolding": 50,
        "screwdriver": 51,
        "sky": 52,
        "steelbeam": 53,
        "stock": 54,
        "streetsigns": 55,
        "tarp": 56,
        "toolbox": 57,
        "towercrane": 58,
        "trafficbarrel": 59,
        "trafficcone": 60,
        "wall": 61,
        "wastechute": 62,
        "watertank": 63,
        "wheelbarrow": 64,
        "wire": 65,
        "wirespool": 66,
        "woodenbox": 67,
        "woodenpallet": 68,
        "worknench": 69,
        "wrench": 70
    }
}
