{
    "name_map": {
        "ball": 1,
        "barriermetal": 2,
        "bench": 3,
        "bikerack": 4,
        "box": 5,
        "building": 6,
        "bush": 7,
        "busstop": 8,
        "chair": 9,
        "concretebarrier": 10,
        "container": 11,
        "crosswalksignal": 12,
        "door": 13,
        "fence": 14,
        "flag": 15,
        "garbagecan": 16,
        "ground": 17,
        "instancedfoliageactor": 18,
        "light": 19,
        "pillar": 20,
        "plant": 21,
        "planter": 22,
        "rock": 23,
        "scaffolding": 24,
        "sidewalk": 25,
        "sky": 26,
        "table": 27,
        "trafficcone": 28,
        "trafficlight": 29,
        "trash": 30,
        "tree": 31,
        "trim": 32,
        "umbrella": 33,
        "vehicle": 34,
        "wall": 35
    }
}
