{
    "name_map": {
        "ball": 6,
        "barriermetal": 191,
        "bench": 72,
        "bikerack": 64,
        "box": 59,
        "building": 36,
        "bush": 195,
        "busstop": 27,
        "chair": 180,
        "concretebarrier": 199,
        "container": 239,
        "crosswalksignal": 146,
        "door": 23,
        "fence": 160,
        "flag": 116,
        "garbagecan": 9,
        "ground": 8,
        "instancedfoliageactor": 28,
        "light": 65,
        "pillar": 70,
        "plant": 143,
        "planter": 171,
        "rock": 7,
        "scaffolding": 161,
        "sidewalk": 60,
        "sky": 208,
        "table": 188,
        "trafficcone": 205,
        "trafficlight": 157,
        "trash": 123,
        "tree": 69,
        "trim": 132,
        "umbrella": 175,
        "vehicle": 87,
        "wall": 242
    }
}