{
    "name_map": {
        "airconditioner": 1,
        "atm": 2,
        "awning": 3,
        "barrel": 4,
        "barricade": 5,
        "barrier": 6,
        "bench": 7,
        "book": 8,
        "bottle": 9,
        "building": 10,
        "car": 11,
        "cardboard": 12,
        "cementbarricade": 13,
        "chair": 14,
        "cone": 15,
        "cup": 16,
        "dumpster": 17,
        "fence": 18,
        "metalbar": 19,
        "obelisk": 20,
        "phonebooth": 21,
        "plant": 22,
        "plasticbarricade": 23,
        "plasticbarrier": 24,
        "road": 25,
        "roof": 26,
        "roofcaps": 27,
        "sidewalk": 28,
        "sign": 29,
        "sky": 30,
        "streetlight": 31,
        "table": 32,
        "trafficbarricade": 33,
        "trafficbarrier": 34,
        "trafficlight": 35,
        "trash": 36,
        "trashbin": 37,
        "tree": 38,
        "truck": 39,
        "umbrella": 40,
        "undergroundbuilding": 41,
        "wall": 42,
        "z": 43
    }
}
