{
    "name_map": {
        "airconditioner": 6,
        "atm": 191,
        "awning": 72,
        "barrel": 64,
        "barricade": 59,
        "barrier": 36,
        "bench": 195,
        "book": 27,
        "bottle": 180,
        "building": 199,
        "car": 239,
        "cardboard": 146,
        "cementbarricade": 23,
        "chair": 160,
        "cone": 116,
        "cup": 9,
        "dumpster": 8,
        "fence": 28,
        "metalbar": 65,
        "obelisk": 70,
        "phonebooth": 143,
        "plant": 171,
        "plasticbarricade": 7,
        "plasticbarrier": 161,
        "road": 60,
        "roof": 208,
        "roofcaps": 188,
        "sidewalk": 205,
        "sign": 157,
        "sky": 123,
        "streetlight": 69,
        "table": 132,
        "trafficbarricade": 175,
        "trafficbarrier": 87,
        "trafficlight": 242,
        "trash": 1,
        "trashbin": 229,
        "tree": 244,
        "truck": 49,
        "umbrella": 214,
        "undergroundbuilding": 129,
        "wall": 106,
        "z": 90
    }
}