{
    "name_map": {
        "apple": 6,
        "axe": 191,
        "bag": 72,
        "barrel": 64,
        "basket": 59,
        "bench": 36,
        "boat": 195,
        "book": 27,
        "box": 180,
        "bp": 199,
        "bucket": 239,
        "building": 146,
        "bush": 23,
        "cart": 160,
        "cellardoors": 116,
        "chain": 9,
        "cheese": 8,
        "chest": 28,
        "chimney": 65,
        "crow": 70,
        "damwall": 143,
        "dish": 171,
        "dish2": 7,
        "dish3": 161,
        "dish4": 60,
        "door": 208,
        "doorway": 188,
        "drain": 205,
        "drainpipe": 157,
        "drainpipehanger": 123,
        "fence": 69,
        "fish": 132,
        "flower": 175,
        "grass": 87,
        "ground": 242,
        "gutter": 1,
        "hammer": 229,
        "ladder": 244,
        "lamp": 49,
        "linen": 214,
        "log": 129,
        "mountain": 106,
        "mushroom": 90,
        "net": 48,
        "oar": 74,
        "outhouse": 238,
        "outhousedoor": 109,
        "piling": 34,
        "pillar": 31,
        "plank": 125,
        "pot": 33,
        "pumpkin": 119,
        "rail": 115,
        "rock": 200,
        "rockcliff": 92,
        "roof": 16,
        "rope": 241,
        "saw": 155,
        "scarecrow": 182,
        "sheet": 44,
        "shovel": 133,
        "sky": 29,
        "stairs": 192,
        "stone": 104,
        "stonearch": 219,
        "stonefloor": 217,
        "supportplank": 130,
        "table": 204,
        "tower": 75,
        "tree": 250,
        "tub": 24,
        "vane": 17,
        "vanebase": 236,
        "wall": 88,
        "wallbrace": 110,
        "washboard": 35,
        "water": 93,
        "waterwheel": 42,
        "well": 148,
        "wheel": 111,
        "window": 174,
        "windowshutters": 240,
        "woodenplatform": 144
    }
}