{
    "name_map": {
        "apple": 1,
        "axe": 2,
        "bag": 3,
        "barrel": 4,
        "basket": 5,
        "bench": 6,
        "boat": 7,
        "book": 8,
        "box": 9,
        "bp": 10,
        "bucket": 11,
        "building": 12,
        "bush": 13,
        "cart": 14,
        "cellardoors": 15,
        "chain": 16,
        "cheese": 17,
        "chest": 18,
        "chimney": 19,
        "crow": 20,
        "damwall": 21,
        "dish": 22,
        "dish2": 23,
        "dish3": 24,
        "dish4": 25,
        "door": 26,
        "doorway": 27,
        "drain": 28,
        "drainpipe": 29,
        "drainpipehanger": 30,
        "fence": 31,
        "fish": 32,
        "flower": 33,
        "grass": 34,
        "ground": 35,
        "gutter": 36,
        "hammer": 37,
        "ladder": 38,
        "lamp": 39,
        "linen": 40,
        "log": 41,
        "mountain": 42,
        "mushroom": 43,
        "net": 44,
        "oar": 45,
        "outhouse": 46,
        "outhousedoor": 47,
        "piling": 48,
        "pillar": 49,
        "plank": 50,
        "pot": 51,
        "pumpkin": 52,
        "rail": 53,
        "rock": 54,
        "rockcliff": 55,
        "roof": 56,
        "rope": 57,
        "saw": 58,
        "scarecrow": 59,
        "sheet": 60,
        "shovel": 61,
        "sky": 62,
        "stairs": 63,
        "stone": 64,
        "stonearch": 65,
        "stonefloor": 66,
        "supportplank": 67,
        "table": 68,
        "tower": 69,
        "tree": 70,
        "tub": 71,
        "vane": 72,
        "vanebase": 73,
        "wall": 74,
        "wallbrace": 75,
        "washboard": 76,
        "water": 77,
        "waterwheel": 78,
        "well": 79,
        "wheel": 80,
        "window": 81,
        "windowshutters": 82,
        "woodenplatform": 83
    }
}
